field1,field2,field3
306,,
308,,
304,,
305,,
306,-12,977
283,-36,987
281,-39,986
279,-35,990
283,-37,991
283,-39,994
280,-39,987
279,-35,986
278,-36,988
276,-37,993
283,-36,992
282,-37,991
-27,-143,990
-32,1210,52
-154,1018,183
-176,116,1013
626,-287,-780
466,-807,313
717,-100,727
684,-129,756
686,-123,745
685,-127,748
681,-131,745
682,-125,748
685,-127,746
686,-130,751
687,-130,745
683,-134,746
685,-133,750
685,-134,739
683,-134,746
682,-133,745
687,-130,743
681,-133,750
681,-126,749
684,-136,745
689,-132,745
685,-131,743
683,-126,747
687,-132,748
682,-136,748
684,-129,743
688,-130,745
685,-128,748
684,-129,749
680,-128,746
200,-42,1004
195,-47,1014
192,-44,1006
199,-46,1010
192,-45,1006
199,-43,1009
194,-43,1010
202,-45,1002
193,-44,1011
195,-44,1012
200,-45,1014
199,-46,1010
192,-46,1012
-17,1,1033
376,-112,1734
-23,-7,1035
-22,-5,1034
-23,-2,1034
-25,-5,1033
-25,-5,1031
-24,-5,1033
-24,-2,1032
-23,-3,1031
-22,-3,1033
-19,-3,1032
-27,-8,1031
-22,-1,1039
-29,-8,1033
-23,-2,1036
-26,-2,1036
-21,1,1037
-28,-4,1032
-19,-6,1037
-23,-6,1031
-24,-7,1033
-26,-7,1029
-26,-7,1033
-26,-5,1032
-25,-12,1032
-21,-6,1036
-23,-5,1033
-23,-3,1035
-21,0,1031
-27,-4,1031
-24,-7,1039
-25,-3,1037
-22,-6,1037
-32,-1,1028
-23,-2,1037
-24,-8,1039
-20,-6,1035
-29,0,1034
-22,-3,1034
-23,-9,1034
-25,-8,1041
-23,-3,1035
-26,-3,1030
-23,-11,1029
-23,-3,1031
-23,-4,1032
-24,-2,1037
-28,-3,1032
-23,-7,1032
-22,-6,1034
-29,-1,1031
-23,-3,1030
-21,-4,1033
-24,-6,1038
-28,-5,1038
-23,-7,1036
-24,-3,1031
-22,-6,1037
-26,-5,1039
-23,-5,1038
-25,-4,1035
-21,-8,1029
-27,-3,1030
-25,-6,1029
-24,-3,1033
-25,-6,1032
-23,-7,1035
-24,-9,1034
-24,-5,1033
-25,-7,1035
-24,-4,1032
-27,-10,1033
-23,-3,1035
-24,-4,1039
-21,-6,1036
-24,-4,1033
-22,-8,1038
-20,-2,1033
-20,-5,1034
-25,-5,1031
-23,-4,1038
-24,-1,1034
-25,-5,1040
-23,-6,1034
-23,-6,1036
-27,-1,1033
-24,-10,1038
-24,-6,1038
-23,-6,1033
-25,-8,1035
-24,-7,1037
-31,-4,1040
-22,-8,1038
-23,-4,1030
-21,-4,1029
-22,-5,1039
-24,-9,1034
-24,-7,1038
-29,-9,1033
-26,-4,1043
-25,1,1032
-25,-1,1036
-25,-6,1032
-26,-8,1034
-27,-1,1033
-28,-8,1032
-21,-7,1031
-24,-1,1033
-23,-4,1036
-22,-4,1034
-25,-6,1035
-24,-3,1035
-21,-6,1025
-27,-3,1036
-24,-6,1030
-25,-5,1035
-25,-6,1035
-28,-3,1037
-24,-3,1028
-29,-2,1041
-26,-5,1034
-26,-4,1029
-25,-5,1037
-22,-5,1039
-20,-4,1037
-24,-1,1030
-22,-4,1030
-23,-4,1029
-25,-4,1033
-23,-7,1031
-26,0,1030
-22,0,1028
-22,-6,1037
-27,-4,1032
-22,-3,1035
-28,-2,1032
-21,-7,1030
-25,-8,1035
-22,-8,1034
-22,-9,1032
-21,-7,1040
-25,-8,1040
-20,-7,1031
-22,-5,1029
-20,-12,1040
-23,-3,1032
-24,-8,1033
-25,-5,1036
-24,-3,1037
-20,-5,1038
-22,-7,1032
14,-170,1021
-49,-107,1029
-45,-113,1025
-46,-111,1025
-50,-116,1021
-50,-111,1025
-46,-107,1029
-37,-109,1028
-40,-113,1027
-40,-114,1026
-50,-110,1030
-44,-108,1026
-39,-107,1021
-44,-110,1025
-43,-108,1025
-37,-113,1021
-40,-107,1028
-34,-112,1030
-41,-110,1031
-35,-111,1032
-34,-107,1027
-43,-108,1025
-39,-109,1025
-33,-111,1023
-28,-103,1026
-36,-107,1029
-41,-112,1022
-32,-110,1023
-44,-113,1030
-38,-107,1028
-38,-110,1025
-35,-105,1030
-36,-112,1024
-39,-107,1023
-38,-108,1031
-37,-109,1026
-35,-108,1023
-36,-114,1022
-37,-110,1029
-37,-112,1028
-40,-110,1025
-44,-112,1028
-36,-106,1025
17,192,-970
12,184,-971
16,188,-977
13,190,-973
17,185,-972
20,184,-968
16,185,-974
18,186,-966
18,187,-975
16,188,-972
15,187,-976
18,189,-965
17,187,-976
15,188,-974
15,189,-974
18,187,-973
18,184,-974
14,187,-970
18,184,-977
14,183,-970
20,188,-972
14,181,-969
18,185,-973
14,196,-975
22,186,-970
18,184,-980
13,186,-975
19,185,-977
13,190,-975
18,186,-975
19,183,-974
14,187,-975
17,191,-975
15,186,-974
20,186,-971
16,190,-974
17,186,-973
18,192,-975
16,187,-973
16,190,-972
16,187,-976
17,185,-969
18,188,-968
15,189,-972
17,184,-973
16,186,-970
11,184,-972
12,187,-970
14,185,-967
19,183,-974
17,187,-972
17,184,-971
16,189,-972
16,192,-969
16,186,-972
13,189,-977
19,189,-976
21,182,-977
16,182,-970
13,186,-972
14,186,-975
18,192,-975
15,187,-969
18,187,-968
14,183,-970
18,188,-971
24,184,-977
19,188,-979
18,186,-971
15,188,-974
18,185,-977
18,188,-974
15,187,-972
18,192,-974
-8,-6,1029
-14,-13,1036
-13,-5,1040
-10,-5,1038
-10,-9,1034
-11,-7,1036
-12,-7,1030
-9,-4,1036
-10,-8,1032
-12,-4,1031
-6,-2,1037
-12,-14,1038
-6,-10,1032
-11,-7,1033
-13,-5,1033
-8,-5,1036
-5,-7,1035
-11,-5,1038
-4,-13,1035
-10,-11,1036
-5,-7,1036
-11,-10,1029
-9,-5,1033
-14,-7,1029
-8,-9,1038
-11,-7,1034
-7,-8,1030
-6,-11,1034
-10,-8,1032
-11,-1,1033
-7,-6,1033
-7,-8,1035
-3,-5,1032
-11,-5,1030
-11,-5,1036
-10,-7,1034
-6,-7,1033
-11,-6,1030
-9,-12,1046
-5,-6,1034
-11,-6,1036
-7,-9,1030
-11,-7,1042
-12,-8,1032
-8,-7,1036
-9,-8,1033
-6,-8,1036
-11,-9,1032
-4,-8,1030
-3,-12,1032
-4,-8,1035
-11,-6,1033
-8,-8,1034
-9,-7,1032
-8,-9,1032
-7,-8,1035
-6,-7,1037
-4,-8,1036
-6,-11,1029
-9,-9,1032
-6,-5,1032
-11,1,1029
-14,-7,1037
-13,-9,1029
-8,-2,1030
-10,-9,1036
-8,-9,1035
-14,-5,1041
-9,-4,1044
-10,-8,1035
-6,-3,1032
-8,-11,1035
-16,-3,1032
-11,-12,1035
-7,-8,1032
-11,-7,1032
-3,-8,1031
-14,-4,1031
-17,-11,1031
-14,-4,1036
-12,-4,1037
-14,-9,1037
-9,-5,1032
-5,-4,1037
-12,-1,1037
-12,-5,1030
-12,-7,1029
-10,-7,1032
-12,-10,1029
-14,-13,1036
-6,-4,1035
-14,-6,1037
-15,-6,1036
-8,-5,1031
-12,-9,1039
-12,-5,1038
-15,-6,1033
-11,-6,1037
-12,-5,1031
-12,-7,1033
-8,-6,1033
-11,-3,1030
-11,-8,1029
-13,-4,1034
-12,-5,1038
-13,-9,1032
-9,-4,1030
-12,-5,1033
-9,-4,1038
-11,-10,1033
-10,-5,1039
-6,0,1030
-10,-5,1041
-12,-7,1041
-13,-5,1036
-10,-4,1035
-12,-8,1034
-7,-4,1036
-13,-11,1038
-11,-6,1039
-8,-6,1032
-10,-7,1030
-7,-6,1032
-11,-5,1038
-9,-6,1029
-8,-6,1031
-11,-6,1032
-8,-8,1031
-12,-5,1035
-12,-4,1038
-9,-7,1030
-12,-10,1037
-10,-7,1032
-6,0,1039
-10,-4,1031
-13,-2,1037
-8,-9,1030
-10,-4,1035
-9,-4,1029
-10,-11,1033
-8,-1,1034
-13,-6,1034
-11,-6,1031
-10,-6,1035
-10,-9,1038
-9,-5,1034
-15,-10,1035
-16,-5,1032
-11,-5,1035
-14,-4,1033
-10,-5,1034
-11,-6,1031
-9,-8,1033
-7,-7,1030
-14,-7,1031
-10,-9,1038
-16,-1,1035
-10,-7,1034
-12,-2,1034
-8,-8,1034
-11,0,1035
-10,-6,1039
-10,-6,1041
-11,-7,1034
-11,-6,1035
-8,-10,1036
-9,-4,1034
-9,-7,1032
-14,-8,1037
-14,-4,1038
-9,-9,1033
-6,-7,1040
-15,-2,1035
-12,-1,1031
-10,-2,1034
-10,-9,1039
-12,0,1032
-12,-8,1035
-7,-4,1037
-10,-4,1029
-14,-9,1036
-13,1,1031
-13,-3,1035
-9,-6,1036
-12,-7,1036
-11,-4,1033
-14,1,1038
-8,-6,1033
-10,-1,1031
-13,-3,1034
-6,-4,1032
-11,-4,1036
-13,-3,1035
-12,-9,1035
-11,-2,1042
-9,-2,1029
-6,-3,1037
-12,-7,1037
-12,-3,1032
-14,-3,1038
-8,-8,1034
-14,-5,1039
-14,-3,1028
-15,-7,1036
-13,-6,1034
-9,0,1038
-10,-7,1021
-10,-8,1035
-11,-2,1033
-13,-8,1037
-12,-6,1032
-10,-6,1035
-13,-6,1036
-9,-7,1031
-13,-8,1032
-7,-2,1033
-8,-4,1030
-11,-6,1034
-11,-5,1037
-13,-5,1032
-9,-5,1037
-8,-6,1032
-10,-9,1035
-17,-1,1039
-9,-13,1033
-8,-8,1032
-7,-7,1036
-5,-11,1034
-9,-8,1033
-14,-6,1027
-10,-2,1033
-6,-4,1031
-10,-9,1032
-8,-5,1036
-6,-7,1038
-8,-9,1029
-14,-3,1035
-12,-1,1035
-10,-16,1033
-8,-3,1035
-11,-6,1029
-11,-7,1040
-8,-6,1039
-9,-2,1028
-12,-7,1031
-10,-4,1040
-9,-6,1035
-10,-3,1034
-10,-5,1040
-11,-5,1030
-12,-6,1037
-7,-5,1035
-13,-4,1037
-7,-6,1031
-12,-5,1036
-10,-6,1031
-11,-8,1031
-10,-4,1039
-11,-11,1037
-10,-7,1038
-13,-2,1029
-9,-8,1033
-9,-10,1033
-15,-3,1029
-8,-10,1035
-12,-3,1029
-17,-1,1030
-8,-4,1036
-7,-7,1035
-10,-1,1036
-11,-5,1037
-14,-1,1031
-12,-1,1034
-12,-3,1031
-6,-6,1032
-13,-7,1033
-9,-2,1029
-12,-7,1037
-13,-1,1030
-9,-6,1036
-7,-6,1043
-10,-12,1027
-6,-6,1031
-10,-4,1033
-8,-6,1038
-7,-5,1042
-8,-6,1033
-5,-4,1033
-8,-6,1040
-9,-1,1033
-8,-2,1039
-9,-6,1034
-13,-8,1038
-7,-5,1035
-11,0,1030
-12,-4,1029
-11,-2,1042
-11,-6,1024
-9,-5,1038
-13,-2,1033
-12,-5,1030
-11,-2,1038
-7,-2,1033
-11,-6,1041
-15,0,1039
-11,-6,1032
-6,-1,1036
-10,-5,1027
-9,-5,1035
-11,-2,1036
-10,-9,1032
-11,-6,1035
-10,-6,1031
-8,-1,1031
-7,-4,1031
-8,-6,1036
-8,-5,1033
-11,-4,1033
-11,-3,1037
-8,-7,1034
-10,-6,1036
-11,-8,1029
-12,-6,1038
-11,-1,1037
-8,-4,1031
-12,-8,1034
-13,-10,1038
-10,-5,1025
-9,-5,1035
-10,-7,1034
-12,-6,1032
-12,-4,1030
-7,-5,1029
-13,-5,1033
-11,-1,1035
-8,-2,1032
-8,-9,1034
-10,-4,1036
-10,-4,1041
-8,-2,1032
-11,-8,1039
-9,-4,1029
-12,-9,1032
-6,-7,1027
-13,-4,1035
-10,-9,1031
-8,-9,1037
-11,-7,1036
-11,-8,1032
-4,-9,1028
-9,-7,1035
-11,-5,1033
-12,0,1031
-8,-4,1037
-11,-8,1030
-7,-1,1037
-13,-1,1035
-8,-2,1028
-11,-6,1030
-11,-5,1033
-6,-4,1037
-12,-3,1038
-10,-5,1036
-12,-2,1038
-8,-6,1042
-14,-7,1032
-8,-10,1030
-6,-3,1027
-11,-3,1030
-10,-11,1035
-8,-6,1036
-9,-7,1034
-10,-2,1037
-13,-6,1036
-9,-2,1026
-8,-5,1032
-9,-4,1038
-12,-5,1033
-8,-9,1044
-8,-7,1035
-14,-6,1027
-7,-7,1034
-11,-8,1041
-12,-4,1040
-13,-5,1037
-11,-8,1040
-13,-6,1034
-12,-10,1029
-12,-10,1036
-4,-2,1036
-4,-9,1029
-13,-8,1040
-12,-7,1031
-9,-11,1029
-6,-5,1032
-10,-3,1038
-11,-8,1030
-11,-11,1032
-12,-5,1034
-14,-10,1037
-6,-3,1036
-8,-4,1033
-6,-8,1030
-9,-3,1036
-10,-4,1038
-13,-4,1037
-12,-9,1033
-8,-4,1038
-8,-3,1037
-11,-7,1030
-11,-10,1031
-12,-6,1036
-12,-4,1034
-9,-5,1035
-7,-5,1033
-11,-11,1031
-14,-6,1036
-13,-5,1036
-10,-7,1038
-8,-4,1032
-11,-9,1032
-11,-6,1037
-10,-3,1039
-7,-6,1033
-9,-3,1037
-14,-6,1030
-10,-3,1037
-10,-4,1032
-9,-4,1029
-8,-12,1039
-7,-6,1028
-10,-7,1032
-12,-5,1034
-13,-8,1033
-7,-6,1032
-8,-3,1027
-9,-4,1037
-2,-11,1033
-17,-20,1032
-22,-20,1038
-16,-21,1026
-22,-16,1026
-16,-17,1035
-15,-22,1032
-17,-23,1029
-25,-19,1032
-20,-21,1038
-20,-29,1036
-18,-19,1032
-16,-20,1030
-20,-21,1038
-16,-19,1031
-16,-21,1033
-17,-23,1033
-17,-19,1033
-16,-22,1035
-22,-22,1033
-17,-21,1039
-15,-19,1034
-19,-21,1032
-18,-22,1028
-21,-22,1031
-16,-17,1034
-16,-21,1033
-20,-22,1036
-17,-19,1033
-17,-20,1029
-19,-24,1032
-17,-21,1034
-16,-20,1026
-21,-16,1030
-13,-19,1033
-12,-21,1039
-16,-22,1032
-17,-23,1031
-21,-22,1033
-19,-20,1036
-18,-23,1038
-19,-19,1037
-16,-23,1028
-18,-18,1031
-22,-22,1033
-20,-20,1034
-18,-23,1029
-18,-18,1031
-19,-23,1037
-16,-25,1026
-21,-17,1035
-20,-24,1033
-16,-22,1039
-21,-19,1032
-15,-19,1037
-20,-26,1031
-20,-20,1031
-17,-18,1030
-14,-23,1035
-17,-16,1033
-17,-17,1031
-22,-23,1033
-15,-22,1032
-15,-22,1030
-16,-23,1031
-19,-21,1032
-19,-23,1030
-19,-24,1033
-15,-18,1038
-22,-20,1034
-18,-20,1035
-19,-17,1032
-15,-21,1030
-18,-22,1036
-23,-22,1036
-19,-20,1039
-19,-21,1033
-19,-24,1031
-15,-21,1028
-19,-21,1031
-14,-19,1039
-17,-17,1041
-16,-21,1030
-17,-26,1036
-20,-20,1029
-23,-22,1036
-19,-24,1030
-18,-20,1029
-20,-23,1034
-17,-18,1032
-17,-22,1031
-14,-17,1038
-18,-16,1035
-17,-19,1032
-17,-22,1041
-14,-22,1032
-18,-22,1038
-17,-24,1037
-21,-17,1031
-14,-20,1030
-16,-19,1033
-18,-20,1028
-15,-18,1037
-21,-22,1032
-16,-24,1037
-18,-16,1033
-21,-16,1033
-18,-19,1030
-16,-19,1033
-15,-17,1033
-20,-24,1035
-16,-19,1033
-20,-26,1035
-20,-24,1029
-17,-19,1035
-17,-21,1034
-16,-17,1038
-19,-19,1029
-20,-24,1035
-16,-19,1033
-20,-20,1037
-20,-19,1033
-19,-25,1029
-18,-18,1031
-18,-20,1033
-17,-22,1042
-21,-22,1034
-14,-24,1038
-12,-21,1036
-14,-23,1029
-22,-19,1033
-17,-18,1034
-18,-21,1031
-20,-21,1034
-15,-21,1035
-18,-19,1032
-17,-19,1028
-18,-16,1033
-18,-23,1036
-19,-19,1037
-16,-19,1035
-15,-23,1037
-18,-19,1035
-18,-22,1035
-15,-21,1033
-18,-19,1034
-18,-21,1037
-19,-21,1031
-21,-21,1034
-18,-22,1033
-21,-18,1032
-17,-18,1035
-17,-21,1033
-14,-20,1034
-15,-22,1037
-22,-23,1035
-19,-19,1042
-18,-20,1035
-20,-22,1038
-17,-20,1035
-18,-22,1036
-19,-23,1031
-18,-18,1033
-18,-18,1034
-19,-22,1037
-21,-19,1033
-17,-21,1031
-18,-22,1034
-14,-19,1038
-20,-17,1034
-12,-20,1030
-21,-21,1041
-19,-21,1026
-14,-21,1034
-18,-17,1029
-17,-19,1032
-19,-23,1034
-16,-21,1034
-15,-22,1037
-17,-16,1032
-20,-18,1031
-17,-21,1035
-17,-15,1029
-16,-21,1036
-15,-17,1039
-18,-21,1039
-17,-19,1037
-18,-20,1036
-16,-19,1040
-19,-19,1032
-17,-20,1040
-19,-18,1027
-21,-19,1033
-19,-20,1039
-17,-22,1035
-17,-21,1033
-16,-23,1037
-18,-22,1034
-17,-22,1038
-17,-21,1030
-25,-27,1038
-20,-21,1036
-20,-21,1033
-18,-24,1035
-15,-25,1037
-15,-21,1030
-17,-21,1031
-20,-21,1028
-19,-20,1032
-19,-22,1031
-19,-20,1032
-21,-21,1035
-16,-21,1034
-19,-17,1034
-16,-19,1032
-16,-22,1036
-21,-25,1034
-16,-24,1034
-11,-21,1034
-19,-19,1035
-20,-22,1038
-18,-19,1033
-16,-20,1033
-17,-17,1036
-14,-18,1036
-17,-18,1034
-20,-18,1033
-19,-26,1031
-17,-17,1037
-19,-22,1029
-14,-21,1036
-18,-16,1035
-19,-18,1030
-13,-24,1033
-20,-23,1037
-15,-19,1027
-19,-20,1029
-17,-20,1032
-19,-16,1028
-22,-21,1033
-16,-21,1034
-13,-23,1033
-20,-18,1031
-19,-18,1038
-18,-21,1037
-16,-22,1035
-23,-17,1033
-23,-20,1039
-17,-20,1032
-18,-23,1032
-18,-21,1035
-19,-18,1041
-17,-21,1029
-19,-18,1033
-16,-21,1039
-17,-17,1028
-19,-16,1039
-17,-23,1032
-18,-20,1041
-20,-22,1039
-19,-19,1033
-21,-18,1036
-21,-18,1031
-19,-20,1032
-18,-18,1038
-17,-22,1032
-21,-19,1031
-17,-23,1036
-22,-16,1034
-17,-17,1033
-16,-20,1030
-21,-19,1029
-21,-19,1032
-16,-18,1036
-17,-19,1029
-19,-19,1034
-19,-19,1036
-14,-19,1030
-22,-18,1038
-14,-19,1033
-17,-24,1036
-20,-20,1032
-24,-22,1036
-18,-17,1038
-22,-22,1041
-17,-21,1032
-17,-22,1037
-21,-20,1036
-13,-19,1038
-16,-20,1038
-18,-21,1033
-20,-23,1028
-22,-22,1027
-19,-18,1035
-17,-22,1030
-16,-16,1031
-18,-19,1035
-19,-19,1036
-21,-23,1032
-17,-21,1028
-16,-19,1029
-11,-22,1037
-20,-21,1034
-18,-21,1036
-14,-20,1034
-16,-23,1031
-18,-19,1038
-18,-21,1041
-16,-18,1039
-17,-24,1029
-19,-16,1034
-16,-18,1032
-18,-17,1030
-18,-17,1026
-21,-19,1039
-18,-23,1036
-16,-22,1035
-21,-20,1033
-13,-23,1037
-19,-18,1033
-19,-19,1032
-16,-18,1030
-18,-21,1037
-15,-21,1034
-18,-17,1035
-16,-19,1030
-21,-18,1033
-17,-21,1035
-21,-19,1033
-18,-21,1032
-20,-21,1033
-20,-22,1032
-19,-18,1037
-16,-25,1031
-17,-24,1033
-17,-25,1037
-17,-21,1028
-19,-19,1037
-17,-19,1030
-18,-16,1037
-22,-22,1031
-21,-22,1036
-21,-23,1030
-15,-22,1026
-21,-21,1030
-17,-20,1032
-17,-16,1033
-20,-21,1037
-17,-25,1037
-18,-17,1033
-16,-21,1040
-14,-20,1034
-22,-19,1033
-13,-18,1037
-14,-17,1037
-17,-19,1035
-19,-23,1029
-15,-17,1035
-21,-20,1028
-18,-19,1039
-17,-22,1036
-15,-22,1040
-16,-16,1033
-16,-23,1034
-18,-22,1031
-22,-18,1036
-20,-22,1038
-20,-20,1036
-13,-19,1037
-18,-18,1031
-16,-19,1031
-21,-20,1036
-17,-17,1034
-21,-19,1033
-17,-18,1032
-16,-21,1036
-21,-25,1034
-22,-19,1036
-18,-20,1036
-15,-16,1034
-17,-21,1037
-19,-20,1039
-21,-21,1037
-16,-14,1038
-16,-21,1031
-18,-21,1040
-22,-20,1036
-16,-19,1036
-18,-23,1034
-16,-17,1033
-13,-25,1038
-15,-19,1032
-14,-24,1031
-19,-18,1027
-20,-19,1033
-21,-17,1032
-15,-20,1034
-21,-19,1030
-11,-19,1035
-14,-20,1033
-20,-19,1042
-15,-22,1040
-15,-19,1029
-15,-23,1034
-21,-18,1040
-19,-20,1028
-16,-18,1032
-20,-17,1031
-19,-17,1032
-23,-20,1030
-18,-22,1037
-15,-23,1037
-20,-22,1031
-16,-16,1031
-21,-16,1034
-17,-21,1031
-15,-16,1037
-18,-18,1032
-17,-21,1034
-18,-18,1032
-18,-17,1028
-18,-20,1029
-17,-18,1034
-19,-23,1034
-18,-26,1037
-16,-19,1035
-18,-16,1035
-19,-20,1033
-20,-22,1036
-22,-21,1032
-16,-18,1032
-16,-21,1031
-19,-22,1030
-18,-20,1031
-16,-20,1032
-22,-18,1028
-20,-21,1039
-14,-17,1029
-20,-21,1035
-15,-19,1035
-20,-17,1035
-14,-22,1034
-21,-22,1032
-18,-21,1030
-19,-21,1032
-17,-21,1035
-19,-19,1034
-20,-17,1033
-20,-21,1031
-17,-23,1034
-14,-19,1033
-18,-21,1030
-19,-20,1036
-21,-21,1037
-18,-15,1039
-19,-20,1033
-17,-23,1032
-15,-26,1037
-17,-22,1030
-18,-20,1030
-18,-20,1036
-20,-21,1037
-19,-16,1032
-18,-23,1034
-18,-21,1038
-16,-17,1026
-18,-24,1033
-16,-24,1034
-19,-18,1035
-16,-19,1036
-21,-23,1034
-21,-21,1039
-16,-19,1034
-19,-17,1034
-17,-22,1027
-18,-20,1033
-17,-17,1030
-17,-19,1029
-16,-21,1032
-15,-21,1029
-20,-17,1031
-21,-21,1035
-18,-25,1034
-16,-19,1033
-20,-21,1037
-20,-21,1036
-19,-20,1028
-23,-23,1032
-15,-24,1040
-16,-20,1034
-19,-19,1033
-21,-21,1033
-19,-18,1029
-18,-21,1040
-23,-18,1033
-16,-18,1034
-21,-19,1032
-20,-17,1031
-21,-17,1036
-17,-16,1028
-18,-22,1029
-15,-20,1034
-21,-19,1027
-18,-22,1033
-20,-21,1039
-19,-19,1030
-15,-17,1027
-17,-16,1038
-15,-18,1036
-20,-20,1037
-15,-22,1035
-20,-26,1031
-17,-17,1033
-19,-18,1039
-20,-18,1035
-20,-20,1032
-21,-20,1035
-20,-16,1030
-15,-25,1033
-19,-18,1036
-19,-19,1027
-17,-16,1036
-18,-17,1028
-20,-22,1030
-21,-21,1035
-17,-23,1037
-19,-20,1027
-17,-23,1030
-16,-18,1037
-22,-22,1030
-16,-19,1040
-17,-21,1033
-20,-27,1036
-17,-17,1030
-21,-21,1032
-15,-18,1032
-17,-20,1040
-18,-21,1031
-21,-22,1033
-17,-15,1038
-18,-22,1043
-18,-17,1036
-20,-22,1031
-20,-17,1033
-17,-25,1032
-18,-23,1032
-22,-18,1033
-18,-21,1032
-18,-19,1038
-13,-24,1036
-19,-22,1032
-18,-22,1034
-14,-20,1035
-16,-23,1033
-18,-19,1033
-22,-20,1028
-16,-16,1035
-17,-21,1037
-18,-20,1037
-15,-19,1032
-19,-18,1032
-20,-23,1032
-21,-21,1034
-20,-20,1039
-21,-18,1032
-15,-18,1031
-17,-26,1032
-19,-18,1040
-19,-19,1034
-17,-20,1039
-17,-24,1034
-22,-20,1032
-14,-16,1033
-20,-24,1035
-15,-25,1030
-20,-18,1031
-20,-24,1030
-17,-20,1036
-19,-20,1028
-19,-24,1034
-18,-17,1033
-20,-18,1030
-17,-20,1040
-21,-23,1035
-17,-22,1031
-15,-18,1035
-22,-19,1026
-15,-20,1034
-20,-25,1030
-17,-23,1032
-17,-16,1037
-22,-18,1037
-14,-22,1032
-16,-19,1036
-21,-21,1040
-17,-19,1036
-17,-19,1033
-18,-21,1034
-19,-19,1029
-17,-22,1029
-18,-20,1037
-16,-25,1031
-17,-24,1029
-18,-18,1037
-17,-22,1031
-16,-22,1033
-19,-20,1028
-21,-18,1031
-15,-20,1031
-18,-21,1031
-19,-21,1027
-20,-17,1031
-16,-22,1032
-19,-20,1035
-18,-19,1038
-15,-22,1030
-20,-19,1033
-18,-16,1033
-19,-20,1036
-20,-18,1035
-18,-19,1030
-20,-23,1033
-17,-16,1035
-19,-20,1032
-17,-23,1031
-17,-21,1032
-18,-20,1032
-20,-21,1035
-19,-15,1037
-21,-20,1037
-15,-22,1031
-18,-20,1038
-16,-19,1031
-17,-19,1037
-15,-18,1031
-19,-22,1036
-15,-21,1030
-16,-24,1033
-17,-22,1029
-14,-18,1040
-19,-19,1041
-20,-22,1033
-21,-20,1037
-19,-17,1032
-19,-15,1039
-18,-20,1033
-19,-23,1035
-16,-16,1037
-16,-18,1031
-17,-24,1031
-19,-20,1029
-14,-20,1033
-16,-21,1033
-19,-18,1030
-18,-22,1035
-20,-21,1037
-15,-21,1032
-21,-21,1033
-16,-23,1033
-22,-19,1032
-15,-15,1027
-24,-22,1034
-23,-21,1035
-19,-20,1028
-16,-18,1032
-16,-21,1028
-21,-22,1033
-14,-18,1032
-19,-21,1030
-15,-22,1038
-21,-20,1030
-20,-22,1032
-16,-21,1040
-14,-22,1030
-19,-18,1031
-17,-20,1034
-19,-21,1032
-16,-22,1032
-13,-21,1034
-18,-18,1030
-20,-23,1031
-17,-21,1037
-17,-19,1038
-21,-20,1034
-18,-19,1031
-19,-18,1031
-18,-19,1043
-18,-21,1033
-19,-19,1032
-17,-23,1029
-15,-20,1030
-18,-22,1034
-22,-21,1038
-11,-20,1024
-19,-18,1037
-18,-28,1036
-17,-21,1034
-18,-21,1034
-14,-21,1032
-14,-16,1036
-17,-24,1029
-14,-24,1037
-21,-21,1034
-16,-21,1031
-21,-20,1032
-17,-22,1029
-15,-18,1035
-20,-20,1036
-19,-18,1030
-14,-25,1032
-13,-22,1031
-19,-19,1036
-19,-24,1034
-20,-18,1035
-20,-22,1036
-19,-21,1034
-16,-21,1033
-22,-18,1036
-18,-24,1037
-17,-19,1031
-17,-19,1031
-21,-19,1029
-19,-22,1043
-17,-22,1033
-18,-19,1031
-20,-23,1031
-14,-24,1032
-18,-19,1032
-20,-23,1033
-17,-18,1027
-16,-21,1031
-16,-19,1036
-22,-20,1032
-20,-21,1030
-18,-19,1040
-17,-22,1030
-19,-21,1035
-18,-22,1031
-17,-22,1035
-19,-24,1038
-12,-19,1027
-16,-18,1030
-21,-21,1036
-17,-23,1032
-18,-21,1031
-18,-16,1036
-12,-22,1032
-25,-18,1031
-20,-22,1038
-17,-19,1028
-18,-20,1033
-23,-24,1029
-22,-19,1030
-16,-24,1037
-18,-25,1032
-17,-20,1030
-15,-27,1040
-17,-22,1033
-17,-20,1035
-14,-23,1030
-14,-22,1032
-15,-27,1032
-19,-20,1034
-20,-22,1029
-17,-23,1041
-17,-19,1031
-19,-21,1031
-13,-22,1032
-16,-19,1032
-23,-20,1036
-13,-22,1029
-17,-19,1034
-20,-20,1032
-18,-17,1032
-18,-17,1029
-20,-24,1030
-19,-19,1037
-19,-22,1029
-15,-21,1035
-21,-20,1030
-20,-22,1033
-16,-19,1035
-19,-19,1029
-15,-20,1037
-21,-20,1030
-18,-21,1028
-19,-16,1037
-16,-19,1033
-18,-17,1036
-18,-23,1034
-18,-20,1036
-15,-23,1030
-19,-23,1027
-14,-19,1032
-17,-19,1030
-20,-18,1035
-19,-15,1032
-20,-19,1031
-14,-19,1034
-19,-19,1038
-12,-18,1031
-19,-20,1036
-17,-19,1034
-18,-21,1027
-21,-22,1041
-21,-19,1034
-18,-18,1033
-21,-17,1035
-21,-18,1034
-18,-21,1030
-17,-21,1037
-17,-22,1038
-19,-21,1027
-14,-22,1034
-14,-23,1034
-20,-23,1033
-18,-20,1032
-20,-18,1040
-20,-23,1030
-17,-20,1030
-19,-22,1032
-15,-24,1033
-20,-17,1039
-18,-23,1028
-12,-20,1035
-16,-23,1036
-19,-16,1038
-15,-25,1040
-18,-20,1027
-18,-23,1038
-21,-19,1039
-19,-17,1032
-18,-21,1037
-15,-19,1036
-16,-17,1033
-16,-19,1029
-19,-18,1036
-19,-24,1032
-18,-17,1028
-19,-20,1034
-21,-23,1033
-16,-19,1031
-18,-18,1035
-18,-23,1029
-22,-20,1033
-17,-22,1036
-18,-18,1036
-13,-23,1037
-20,-19,1038
-17,-17,1038
-16,-17,1032
-20,-22,1038
-13,-22,1035
-15,-19,1035
-17,-18,1032
-18,-22,1032
-20,-22,1034
-17,-20,1036
-14,-22,1036
-21,-18,1033
-21,-22,1035
-23,-20,1034
-19,-20,1036
-16,-18,1032
-18,-19,1031
-17,-20,1038
-18,-21,1033
-18,-17,1032
-18,-21,1034
-16,-27,1030
-18,-22,1040
-14,-19,1032
-18,-18,1030
-15,-21,1031
-17,-20,1035
-21,-17,1035
-20,-19,1034
-17,-22,1035
-22,-23,1035
-22,-17,1031
-21,-19,1034
-19,-24,1031
-19,-20,1036
-20,-21,1032
-19,-17,1033
-17,-19,1029
-15,-23,1028
-15,-22,1029
-18,-24,1033
-19,-16,1034
-21,-22,1038
-22,-16,1036
-15,-19,1037
-20,-22,1032
-18,-19,1030
-17,-17,1038
-12,-20,1036
-14,-20,1036
-19,-19,1031
-15,-21,1035
-16,-19,1039
-18,-21,1034
-16,-22,1034
-19,-22,1034
-21,-19,1033
-21,-24,1028
-20,-22,1031
-19,-19,1034
-21,-18,1029
-19,-19,1032
-18,-23,1032
-20,-24,1036
-18,-19,1033
-17,-19,1031
-19,-19,1037
-15,-17,1028
-21,-26,1034
-15,-20,1029
-18,-22,1031
-16,-20,1035
-18,-23,1030
-18,-23,1032
-17,-23,1034
-15,-20,1035
-18,-22,1035
-19,-19,1031
-17,-15,1035
-14,-20,1031
-21,-18,1037
-20,-23,1037
-20,-21,1035
-18,-20,1037
-21,-17,1034
-14,-20,1035
-18,-22,1029
-18,-21,1034
-15,-18,1032
-15,-22,1035
-17,-18,1033
-16,-15,1035
-17,-25,1041
-17,-16,1036
-22,-22,1035
-21,-23,1037
-18,-19,1039
-20,-21,1039
-18,-19,1035
-17,-20,1031
-15,-25,1031
-20,-23,1037
-21,-21,1030
-22,-19,1036
-20,-18,1031
-21,-18,1037
-19,-18,1031
-20,-25,1033
-24,-24,1031
-21,-19,1030
-15,-24,1034
-16,-22,1035
-22,-18,1033
-18,-24,1030
-18,-20,1036
-19,-19,1031
-20,-20,1032
-22,-25,1030
-17,-20,1030
-16,-24,1033
-21,-18,1033
-11,-20,1034
-21,-23,1030
-18,-20,1038
-15,-23,1036
-19,-24,1036
-19,-21,1035
-17,-22,1036
-14,-19,1035
-19,-18,1036
-19,-21,1037
-17,-21,1036
-17,-22,1037
-22,-21,1040
-18,-21,1031
-16,-23,1030
-17,-21,1038
-17,-22,1032
-19,-21,1034
-20,-17,1034
-18,-22,1036
-15,-24,1030
-18,-22,1030
-13,-19,1031
-13,-19,1032
-17,-24,1029
-20,-22,1031
-19,-20,1037
-17,-21,1031
-20,-21,1035
-15,-22,1038
-15,-23,1033
-17,-23,1037
-17,-21,1037
-18,-17,1033
-15,-22,1030
-19,-21,1036
-17,-19,1039
-15,-19,1031
-17,-18,1033
-15,-19,1032
-16,-21,1031
-20,-20,1031
-20,-21,1036
-17,-20,1031
-17,-18,1030
-16,-18,1034
-18,-18,1034
-22,-24,1040
-17,-20,1032
-18,-18,1031
-16,-21,1032
-20,-25,1033
-13,-18,1030
-16,-21,1030
-16,-25,1032
-19,-17,1037
-19,-24,1032
-17,-18,1034
-19,-23,1035
-21,-18,1036
-18,-20,1036
-16,-19,1030
-21,-20,1036
-14,-19,1035
-16,-26,1031
-16,-20,1029
-19,-19,1031
-18,-20,1032
-16,-22,1041
-19,-20,1039
-16,-23,1034
-17,-21,1033
-20,-23,1030
-14,-21,1032
-21,-21,1033
-14,-22,1033
-21,-18,1035
-16,-25,1032
-21,-22,1031
-19,-20,1043
-17,-16,1030
-17,-20,1030
-16,-25,1028
-15,-16,1031
-17,-20,1029
-23,-19,1032
-23,-18,1033
-22,-18,1033
-18,-22,1031
-16,-24,1033
-21,-18,1030
-19,-26,1029
-18,-21,1031
-21,-20,1031
-10,-21,1036
-18,-18,1036
-21,-18,1034
-14,-24,1027
-18,-16,1036
-21,-19,1031
-15,-18,1033
-17,-21,1029
-18,-19,1035
-18,-19,1038
-14,-22,1034
-14,-19,1031
-22,-19,1037
-20,-18,1028
-19,-22,1034
-19,-22,1030
-18,-20,1041
-18,-21,1032
-19,-23,1031
-18,-20,1031
-16,-22,1037
-17,-21,1026
-17,-18,1040
-17,-16,1036
-17,-23,1035
-19,-22,1033
-22,-22,1033
-20,-19,1037
-17,-19,1034
-18,-24,1036
-17,-22,1034
-19,-20,1036
-24,-24,1034
-17,-24,1028
-18,-18,1032
-19,-20,1035
-15,-19,1028
-19,-19,1029
-16,-21,1033
-10,-24,1038
-20,-20,1031
-19,-24,1034
-17,-24,1034
-18,-23,1036
-18,-24,1034
-19,-22,1032
-16,-22,1032
-16,-21,1034
-13,-16,1031
-20,-20,1033
-17,-18,1034
-18,-26,1032
-21,-22,1032
-15,-19,1031
-17,-21,1030
-24,-19,1030
-16,-22,1036
-19,-18,1031
-15,-22,1035
-16,-22,1032
-16,-17,1036
-22,-23,1038
-22,-18,1033
-19,-19,1035
-18,-23,1034
-14,-21,1033
-14,-19,1038
-17,-21,1036
-16,-24,1038
-16,-22,1036
-21,-21,1044
-22,-20,1034
-18,-18,1030
-19,-20,1038
-18,-21,1033
-17,-20,1036
-21,-20,1034
-18,-17,1039
-19,-21,1032
-17,-20,1030
-17,-19,1034
-18,-18,1030
-21,-21,1032
-19,-25,1037
-17,-22,1030
-17,-22,1032
-18,-22,1026
-19,-23,1036
-20,-19,1033
-15,-19,1033
-16,-19,1029
-21,-19,1030
-17,-19,1031
-21,-19,1029
-17,-26,1031
-18,-17,1030
-16,-21,1034
-17,-20,1029
-14,-18,1028
-17,-19,1034
-16,-19,1030
-13,-24,1029
-17,-19,1032
-18,-19,1037
-20,-18,1032
-17,-16,1035
-20,-20,1036
-21,-23,1031
-16,-21,1038
-19,-20,1039
-17,-22,1036
-20,-21,1035
-15,-18,1034
-18,-20,1032
-21,-21,1038
-18,-21,1030
-15,-22,1034
-17,-20,1031
-16,-21,1029
-18,-18,1034
-16,-20,1036
-15,-19,1037
-21,-22,1034
-17,-20,1037
-19,-18,1036
-22,-21,1029
-20,-21,1035
-14,-20,1035
-17,-22,1032
-15,-23,1036
-14,-20,1030
-17,-22,1033
-20,-23,1030
-20,-21,1036
-18,-18,1033
-15,-17,1035
-20,-18,1037
-21,-19,1035
-15,-18,1029
-21,-24,1034
-17,-21,1035
-18,-16,1030
-15,-22,1035
-22,-22,1033
-17,-22,1032
-16,-19,1033
-15,-15,1028
-16,-21,1031
-19,-23,1036
-18,-19,1030
-15,-19,1033
-21,-20,1036
-16,-17,1028
-18,-22,1036
-21,-22,1033
-17,-24,1035
-17,-20,1034
-17,-21,1037
-21,-19,1035
-17,-21,1031
-22,-18,1034
-18,-21,1038
-18,-15,1032
-22,-22,1034
-19,-21,1030
-18,-17,1034
-19,-23,1033
-21,-19,1028
-15,-19,1036
-19,-23,1036
-13,-25,1031
-15,-19,1036
-17,-19,1029
-17,-18,1031
-21,-19,1034
-17,-24,1027
-17,-19,1034
-16,-21,1027
-19,-19,1034
-14,-23,1030
-17,-22,1032
-17,-21,1040
-21,-24,1035
-20,-19,1031
-17,-16,1036
-20,-20,1036
-17,-22,1030
-21,-18,1033
-16,-21,1038
-18,-21,1032
-12,-20,1038
-19,-19,1027
-18,-20,1030
-18,-21,1031
-17,-19,1032
-14,-21,1030
-21,-20,1029
-17,-23,1034
-20,-21,1035
-22,-20,1036
-19,-15,1036
-18,-19,1030
-22,-19,1036
-21,-20,1035
-16,-19,1032
-18,-22,1037
-20,-17,1035
-21,-18,1035
-21,-16,1037
-18,-20,1034
-17,-17,1042
-15,-22,1033
-20,-17,1033
-19,-17,1033
-19,-20,1031
-15,-21,1025
-20,-21,1031
-19,-20,1037
-16,-20,1026
-18,-23,1033
-20,-20,1028
-16,-17,1030
-17,-21,1037
-18,-21,1031
-18,-17,1033
-15,-18,1034
-16,-23,1030
-16,-21,1028
-21,-20,1037
-17,-24,1030
-19,-21,1029
-22,-23,1034
-17,-22,1027
-17,-20,1029
-19,-17,1034
-17,-21,1033
-11,-15,1038
-17,-18,1031
-15,-22,1036
-18,-18,1034
-16,-23,1033
-18,-15,1034
-21,-25,1036
-15,-22,1027
-20,-20,1035
-21,-19,1034
-20,-24,1032
-18,-22,1036
-17,-19,1031
-18,-23,1034
-19,-21,1032
-15,-20,1032
-19,-21,1030
-17,-21,1035
-15,-19,1030
-22,-21,1036
-18,-23,1036
-19,-22,1031
-18,-20,1033
-17,-22,1035
-18,-26,1037
-17,-21,1034
-21,-23,1032
-19,-19,1035
-18,-20,1034
-19,-24,1030
-14,-19,1031
-17,-19,1034
-17,-22,1033
-19,-17,1034
-19,-19,1037
-17,-16,1033
-17,-23,1032
-17,-18,1035
-20,-23,1029
-17,-23,1041
-14,-25,1030
-20,-17,1036
-19,-18,1038
-21,-19,1031
-17,-18,1030
-19,-18,1039
-20,-21,1035
-15,-20,1034
-15,-24,1029
-17,-19,1030
-18,-15,1033
-16,-22,1030
-16,-17,1035
-22,-17,1034
-17,-24,1038
-22,-20,1037
-19,-17,1036
-18,-19,1032
-14,-17,1031
-17,-23,1040
-15,-20,1036
-19,-19,1030
-16,-20,1033
-19,-20,1036
-19,-20,1034
-22,-20,1032
-19,-24,1037
-18,-22,1029
-18,-23,1039
-23,-16,1032
-18,-17,1040
-19,-18,1039
-13,-21,1035
-16,-15,1029
-15,-16,1034
-16,-19,1036
-22,-19,1026
-17,-20,1034
-18,-18,1030
-17,-24,1032
-16,-20,1032
-18,-20,1033
-22,-18,1038
-16,-19,1034
-17,-17,1034
-17,-15,1035
-18,-24,1033
-17,-23,1036
-15,-16,1030
-15,-20,1029
-20,-24,1032
-21,-16,1035
-15,-20,1037
-15,-23,1033
-20,-25,1040
-15,-17,1031
-17,-21,1038
-19,-19,1036
-15,-19,1035
-16,-21,1031
-18,-17,1036
-16,-25,1038
-21,-19,1033
-15,-18,1030
-18,-24,1036
-14,-23,1039
-15,-24,1041
-17,-21,1035
-14,-19,1033
-21,-17,1027
-15,-21,1028
-19,-22,1026
-19,-18,1030
-21,-20,1035
-15,-20,1034
-23,-17,1034
-19,-20,1037
-19,-23,1040
-20,-24,1037
-16,-20,1028
-19,-24,1029
-17,-23,1038
-20,-23,1032
-17,-20,1034
-24,-18,1031
-22,-23,1036
-20,-18,1033
-20,-22,1032
-19,-16,1036
-17,-17,1032
-18,-22,1037
-17,-23,1034
-18,-20,1032
-18,-19,1029
-17,-21,1031
-21,-18,1032
-17,-19,1034
-21,-20,1035
-17,-20,1031
-18,-19,1033
-18,-21,1035
-14,-18,1031
-21,-18,1038
-18,-20,1034
-15,-18,1033
-16,-22,1041
-18,-21,1036
-20,-19,1033
-19,-22,1030
-16,-22,1028
-16,-22,1034
-20,-19,1037
-17,-19,1036
-17,-24,1032
-24,-17,1029
-16,-16,1035
-20,-24,1032
-13,-21,1035
-15,-23,1038
-19,-21,1036
-20,-20,1039
-21,-22,1030
-17,-21,1037
-16,-22,1030
-20,-19,1033
-20,-20,1037
-17,-19,1036
-18,-22,1032
-18,-15,1039
-19,-15,1037
-18,-23,1037
-22,-21,1029
-21,-21,1036
-18,-20,1031
-19,-21,1032
-14,-19,1033
-15,-21,1032
-17,-17,1030
-17,-22,1030
-19,-19,1036
-21,-17,1030
-17,-18,1030
-16,-20,1032
-21,-18,1038
-18,-20,1029
-19,-21,1040
-20,-21,1028
-15,-18,1034
-12,-18,1033
-19,-22,1036
-14,-19,1031
-19,-21,1032
-19,-20,1033
-16,-22,1029
-18,-16,1032
-17,-20,1032
-18,-18,1031
-17,-23,1037
-24,-19,1036
-17,-23,1032
-21,-21,1033
-20,-23,1029
-23,-21,1031
-18,-20,1035
-24,-20,1035
-15,-19,1033
-20,-24,1036
-18,-22,1035
-16,-22,1035
-19,-20,1033
-18,-18,1033
-16,-25,1033
-23,-21,1032
-19,-20,1037
-16,-19,1032
-17,-18,1028
-17,-22,1031
-20,-20,1034
-16,-16,1038
-16,-20,1029
-24,-19,1033
-18,-20,1033
-15,-22,1031
-18,-19,1032
-15,-17,1028
-15,-17,1031
-21,-22,1028
-20,-22,1037
-15,-21,1035
-19,-19,1029
-19,-19,1036
-14,-22,1037
-14,-20,1037
-15,-20,1034
-20,-24,1039
-16,-20,1033
-25,-20,1041
-16,-25,1037
-17,-21,1036
-14,-21,1034
-17,-19,1029
-15,-20,1037
-18,-19,1029
-19,-21,1036
-18,-17,1032
-18,-19,1032
-14,-18,1035
-17,-24,1030
-18,-17,1029
-15,-20,1032
-17,-18,1033
-21,-19,1033
-20,-20,1034
-17,-21,1037
-14,-18,1029
-17,-25,1035
-19,-18,1032
-20,-23,1032
-18,-20,1034
-17,-22,1030
-18,-19,1032
-21,-21,1033
-21,-20,1034
-18,-19,1035
-17,-25,1034
-17,-24,1036
-18,-18,1033
-16,-17,1036
-16,-19,1034
-18,-21,1036
-21,-26,1028
-20,-19,1035
-20,-20,1032
-18,-22,1031
-16,-19,1037
-21,-20,1033
-18,-20,1033
-17,-19,1032
-17,-25,1036
-17,-19,1033
-16,-19,1035
-16,-23,1034
-23,-19,1041
-11,-18,1030
-16,-24,1037
-16,-17,1039
-18,-20,1029
-13,-18,1036
-17,-21,1032
-19,-20,1033
-21,-22,1031
-14,-23,1030
-20,-19,1033
-18,-21,1034
-16,-21,1031
-20,-19,1031
-15,-21,1034
-14,-20,1032
-21,-19,1036
-20,-23,1034
-17,-21,1038
-21,-17,1035
-12,-19,1033
-17,-20,1034
-20,-21,1036
-14,-18,1035
-14,-21,1035
-19,-20,1035
-15,-15,1033
-20,-20,1032
-15,-20,1033
-16,-24,1032
-13,-21,1035
-14,-22,1034
-18,-18,1032
-12,-18,1035
-16,-21,1032
-18,-23,1035
-19,-22,1030
-24,-18,1033
-18,-19,1034
-16,-20,1034
-20,-18,1030
-15,-18,1040
-18,-19,1035
-16,-22,1033
-17,-24,1037
-18,-23,1032
-17,-21,1035
-18,-18,1039
-19,-25,1037
-16,-19,1033
-17,-21,1031
-20,-20,1031
-14,-20,1031
-16,-21,1037
-20,-19,1035
-17,-22,1029
-15,-22,1030
-18,-21,1038
-15,-18,1032
-20,-19,1033
-18,-24,1035
-18,-20,1035
-18,-22,1037
-20,-21,1029
-16,-23,1036
-18,-20,1032
-11,-19,1035
-15,-17,1031
-18,-22,1033
-15,-23,1035
-12,-18,1036
-18,-19,1029
-18,-21,1034
-21,-24,1034
-16,-22,1030
-17,-18,1034
-17,-20,1037
-21,-18,1041
-13,-23,1037
-17,-19,1035
-18,-18,1033
-22,-20,1036
-19,-20,1038
-16,-21,1033
-16,-18,1034
-19,-19,1029
-17,-23,1029
-15,-19,1031
-16,-17,1032
-17,-19,1033
-15,-24,1028
-14,-21,1035
-18,-16,1028
-20,-19,1037
-17,-17,1031
-17,-18,1032
-17,-18,1031
-20,-18,1033
-22,-23,1036
-20,-21,1028
-17,-20,1035
-18,-22,1031
-17,-17,1033
-20,-18,1030
-13,-17,1034
-18,-19,1033
-20,-24,1035
-16,-17,1029
-18,-24,1034
-16,-20,1035
-18,-20,1029
-18,-20,1037
-16,-20,1037
-14,-16,1037
-17,-17,1031
-16,-20,1033
-16,-19,1033
-20,-18,1036
-17,-21,1036
-15,-23,1029
-20,-21,1028
-21,-21,1032
-18,-17,1038
-20,-20,1034
-22,-20,1031
-21,-22,1032
-14,-22,1033
-14,-17,1034
-22,-23,1033
-18,-19,1033
-18,-24,1034
-15,-17,1032
-17,-25,1034
-16,-25,1030
-17,-22,1034
-18,-16,1036
-20,-23,1031
-18,-20,1034
-17,-20,1038
-17,-20,1036
-18,-19,1030
-22,-19,1036
-18,-21,1037
-20,-19,1039
-20,-19,1030
-18,-20,1031
-19,-22,1030
-19,-19,1037
-18,-18,1031
-16,-24,1036
-16,-22,1031
-14,-23,1034
-20,-23,1034
-20,-18,1034
-20,-18,1030
-19,-24,1033
-17,-21,1032
-16,-28,1036
-21,-26,1033
-22,-22,1032
-16,-26,1034
-19,-23,1039
-17,-26,1036
-17,-24,1036
-19,-26,1031
-20,-26,1033
-16,-24,1039
-16,-27,1034
-18,-31,1034
-23,-22,1033
-20,-22,1032
-17,-26,1041
-16,-25,1030
-24,-23,1035
-20,-25,1030
-13,-29,1033
-19,-24,1031
-14,-27,1036
-20,-27,1034
-27,-29,1054
-20,-22,1033
-17,-25,1032
-17,-28,1034
-24,-26,1029
-21,-28,1031
-18,-25,1031
-16,-22,1034
-19,-26,1032
-24,-25,1034
-20,-27,1038
-17,-21,1029
-17,-28,1030
-17,-25,1031
-18,-25,1033
-18,-23,1029
-21,-27,1032
-21,-23,1037
-17,-25,1028
-17,-25,1036
-17,-27,1034
-18,-23,1038
-22,-24,1031
-14,-27,1036
-21,-25,1033
-20,-25,1029
-18,-20,1038
-17,-28,1032
-22,-27,1037
-20,-23,1037
-22,-22,1035
-20,-24,1037
-19,-27,1031
-15,-23,1028
-19,-30,1032
-20,-27,1033
-18,-27,1034
-18,-25,1031
-19,-26,1032
-18,-23,1030
-17,-23,1034
-20,-21,1035
-19,-22,1038
-18,-24,1030
-20,-24,1035
-20,-24,1030
-18,-25,1031
-19,-22,1031
-17,-26,1027
-18,-26,1032
-20,-26,1029
-15,-24,1030
-21,-23,1032
-20,-26,1036
-20,-26,1037
-18,-23,1036
-17,-23,1033
-15,-21,1033
-12,-23,1039
-15,-24,1034
-22,-24,1033
-17,-26,1032
-21,-27,1040
-20,-25,1028
-18,-24,1036
-18,-26,1036
-17,-26,1032
-18,-26,1027
-22,-24,1032
-16,-30,1038
-15,-24,1039
-18,-26,1035
-17,-23,1029
-19,-22,1031
-16,-20,1031
-19,-27,1032
-18,-25,1035
-20,-29,1032
-15,-27,1038
-20,-24,1032
-18,-25,1030
-20,-24,1033
-22,-24,1051
-16,-21,1033
-17,-22,1026
-19,-29,1032
-18,-17,1034
-16,-24,1037
-16,-22,1034
-19,-24,1036
-15,-23,1042
-22,-26,1028
-19,-29,1033
-19,-25,1026
-15,-29,1038
-17,-25,1033
-14,-25,1029
-18,-18,1030
-13,-22,1027
-13,-22,1030
-11,-24,1035
-21,-23,1032
-17,-24,1033
-20,-21,1031
-14,-25,1035
-22,-25,1030
-19,-24,1029
-18,-24,1037
-21,-22,1036
-18,-22,1030
-16,-26,1040
-21,-29,1036
-19,-24,1031
-17,-25,1031
-23,-24,1028
-24,-26,1033
-20,-26,1031
-17,-28,1028
-20,-25,1029
-17,-29,1035
-22,-29,1028
-16,-24,1030
-21,-21,1029
-22,-22,1042
-19,-27,1033
-20,-22,1029
-14,-20,1041
-17,-30,1032
-19,-20,1040
-13,-25,1035
-13,-22,1036
-18,-23,1033
-15,-24,1038
-14,-22,1032
-17,-26,1038
-21,-26,1030
-16,-29,1037
-18,-23,1041
-21,-29,1032
-22,-27,1042
-21,-28,1031
-18,-28,1028
-19,-21,1030
-17,-27,1029
-18,-22,1032
-22,-28,1031
-23,-25,1036
-13,-21,1031
-18,-26,1034
-16,-28,1032
-18,-22,1037
-19,-26,1040
-16,-25,1035
-17,-27,1026
-20,-27,1030
-17,-26,1029
-17,-20,1033
-16,-25,1035
-17,-20,1035
-19,-26,1039
-20,-22,1030
-13,-26,1031
-24,-25,1030
-18,-21,1032
-20,-23,1032
-16,-24,1036
-18,-21,1032
-18,-20,1031
-18,-27,1032
-20,-20,1026
-18,-24,1031
-18,-21,1034
-16,-27,1033
-21,-27,1039
-16,-23,1034
-19,-29,1036
-17,-28,1031
-20,-24,1037
-17,-27,1031
-19,-23,1040
-22,-19,1033
-18,-23,1028
-18,-27,1032
-15,-21,1033
-19,-20,1034
-19,-24,1039
-24,-28,1034
-17,-20,1032
-21,-25,1038
-21,-22,1037
-18,-23,1037
-24,-26,1029
-16,-24,1031
-23,-27,1032
-20,-23,1036
-21,-25,1041
-20,-22,1025
-14,-25,1035
-16,-27,1029
-18,-26,1040
-22,-27,1038
-17,-27,1037
-18,-21,1039
-18,-25,1039
-16,-24,1031
-22,-23,1029
-17,-26,1033
-15,-25,1030
-16,-16,1030
-19,-24,1033
-20,-22,1036
-16,-25,1038
-16,-21,1031
-19,-30,1038
-16,-25,1032
-19,-30,1032
-18,-30,1030
-16,-27,1037
-20,-23,1039
-17,-24,1034
-22,-22,1026
-18,-23,1034
-19,-26,1035
-22,-22,1029
-17,-26,1032
-19,-25,1031
-19,-21,1033
-17,-26,1033
-20,-27,1032
-19,-28,1031
-20,-26,1035
-18,-22,1033
-19,-26,1032
-20,-23,1031
-16,-23,1031
-18,-30,1033
-23,-28,1031
-14,-26,1029
-18,-24,1032
-17,-20,1035
-18,-27,1029
-20,-24,1039
-16,-24,1038
-21,-21,1030
-22,-24,1039
-16,-26,1031
-19,-28,1029
-21,-23,1036
-18,-25,1031
-20,-26,1031
-15,-23,1030
-15,-19,1031
-19,-29,1034
-16,-25,1035
-16,-25,1040
-21,-23,1028
-21,-27,1033
-20,-27,1033
-24,-25,1032
-18,-20,1034
-14,-25,1033
-13,-24,1031
-19,-22,1038
-21,-24,1034
-20,-23,1033
-21,-25,1035
-14,-22,1031
-22,-26,1029
-21,-31,1038
-16,-21,1031
-17,-30,1030
-21,-25,1027
-20,-25,1024
-21,-25,1037
-13,-24,1034
-20,-25,1034
-26,-25,1036
-18,-23,1026
-20,-25,1030
-15,-23,1036
-22,-27,1029
-16,-22,1038
-20,-27,1033
-14,-22,1032
-18,-24,1033
-22,-26,1028
-18,-28,1035
-14,-28,1030
-13,-25,1024
-17,-18,1038
-14,-19,1033
-20,-29,1034
-20,-22,1030
-21,-24,1032
-20,-21,1030
-24,-28,1039
-19,-21,1031
-20,-29,1033
-16,-28,1034
-21,-28,1033
-18,-27,1030
-15,-22,1035
-19,-25,1030
-20,-28,1032
-20,-28,1030
-21,-23,1027
-19,-24,1033
-19,-25,1028
-18,-26,1038
-15,-23,1034
-20,-23,1031
-14,-23,1031
-21,-24,1037
-19,-24,1034
-16,-23,1037
-19,-23,1032
-18,-23,1034
-20,-27,1033
-19,-26,1033
-24,-22,1028
-19,-25,1035
-20,-26,1033
-19,-25,1030
-22,-23,1034
-15,-25,1030
-17,-20,1040
-16,-24,1034
-19,-23,1032
-20,-19,1030
-18,-24,1028
-19,-24,1034
-19,-24,1035
-16,-23,1031
-17,-27,1035
-20,-29,1026
-17,-26,1033
-19,-26,1028
-18,-21,1033
-22,-28,1025
-22,-20,1034
-16,-25,1029
-19,-21,1032
-21,-27,1031
-14,-25,1031
-17,-24,1032
-17,-24,1029
-15,-25,1030
-22,-24,1028
-21,-26,1035
-18,-25,1029
-22,-27,1033
-15,-23,1036
-16,-23,1032
-16,-26,1030
-23,-24,1032
-19,-22,1031
-23,-22,1030
-19,-22,1034
-22,-29,1042
-17,-24,1032
-22,-25,1030
-18,-25,1032
-23,-22,1031
-20,-30,1035
-17,-23,1031
-22,-24,1038
-22,-24,1038
-21,-22,1029
-19,-26,1034
-21,-23,1033
-21,-23,1031
-18,-26,1027
-22,-25,1027
-19,-23,1033
-21,-31,1031
-20,-28,1029
-20,-20,1036
-17,-23,1031
-24,-29,1033
-21,-23,1030
-21,-27,1032
-22,-33,1029
-25,-26,1031
-20,-26,1035
-21,-26,1035
-22,-24,1032
-20,-24,1032
-18,-24,1038
-15,-30,1036
-19,-25,1032
-20,-26,1034
-23,-25,1035
-17,-26,1040
-24,-21,1033
-21,-25,1035
-21,-25,1035
-19,-26,1028
-20,-23,1029
-21,-25,1031
-19,-26,1041
-24,-22,1028
-22,-21,1032
-20,-24,1029
-22,-21,1032
-22,-25,1038
-23,-26,1035
-18,-25,1026
-19,-24,1041
-20,-27,1035
-22,-25,1041
-22,-26,1034
-20,-27,1031
-21,-29,1040
-21,-20,1031
-18,-21,1032
-23,-25,1040
-20,-30,1029
-19,-18,1038
-19,-24,1032
-21,-28,1038
-21,-29,1034
-20,-30,1031
-20,-27,1037
-22,-31,1029
-21,-29,1039
-20,-24,1030
-21,-26,1031
-25,-27,1036
-20,-24,1027
-21,-25,1033
-21,-25,1030
-17,-27,1030
-20,-25,1033
-21,-21,1032
-19,-27,1032
-22,-27,1031
-19,-27,1030
-24,-24,1030
-19,-26,1034
-21,-29,1028
-17,-26,1032
-21,-29,1029
-16,-26,1036
-23,-28,1035
-20,-27,1033
-20,-25,1033
-20,-27,1026
-20,-25,1035
-18,-30,1028
-21,-27,1033
-20,-25,1039
-15,-24,1034
-23,-25,1031
-21,-20,1030
-20,-22,1027
-17,-24,1034
-21,-26,1037
-17,-27,1032
-20,-26,1032
-15,-25,1030
-24,-25,1033
-19,-25,1037
-16,-25,1035
-20,-30,1035
-16,-21,1030
-18,-29,1034
-21,-26,1028
-23,-27,1038
-20,-21,1032
-16,-23,1035
-24,-21,1032
-22,-28,1032
-22,-29,1031
-18,-25,1036
-16,-26,1030
-23,-27,1038
-22,-21,1038
-20,-26,1035
-22,-28,1029
-19,-29,1033
-21,-27,1031
-23,-28,1032
-20,-24,1033
-18,-24,1033
-21,-24,1030
-17,-29,1032
-20,-26,1032
-19,-26,1034
-21,-23,1033
-21,-26,1029
-22,-24,1030
-21,-24,1030
-24,-29,1030
-18,-26,1034
-19,-27,1038
-21,-26,1030
-20,-27,1034
-22,-25,1032
-19,-24,1033
-24,-27,1027
-20,-25,1033
-22,-25,1032
-18,-26,1032
-21,-25,1030
-21,-22,1034
-19,-25,1034
-22,-28,1033
-20,-24,1036
-22,-25,1032
-21,-23,1034
-22,-23,1035
-22,-26,1035
-17,-28,1034
-20,-24,1032
-22,-27,1032
-22,-25,1030
-21,-27,1029
-21,-26,1026
-21,-27,1030
-19,-20,1035
-21,-25,1037
-22,-25,1029
-23,-27,1033
-20,-26,1035
-19,-21,1033
-20,-23,1032
-24,-25,1026
-16,-28,1033
-22,-28,1036
-22,-24,1030
-22,-26,1036
-24,-24,1032
-20,-26,1031
-19,-28,1027
-18,-26,1026
-22,-28,1033
-22,-27,1033
-22,-27,1035
-22,-24,1034
-18,-26,1034
-22,-27,1038
-22,-25,1034
-23,-22,1046
-25,-30,1042
-22,-17,1033
-20,-20,1028
-22,-29,1027
-20,-23,1030
-19,-28,1029
-19,-22,1031
-26,-26,1034
-23,-25,1037
-19,-22,1033
-18,-26,1029
-22,-32,1036
-17,-21,1033
-21,-24,1029
-21,-23,1035
-19,-25,1035
-20,-24,1036
-21,-21,1037
-20,-28,1028
-21,-25,1033
-22,-27,1030
-21,-27,1028
-22,-23,1034
-21,-25,1032
-19,-29,1034
-25,-24,1031
-26,-24,1033
-22,-25,1034
-22,-25,1035
-20,-28,1039
-21,-26,1039
-19,-26,1036
-19,-22,1033
-22,-27,1029
-18,-27,1031
-19,-22,1037
-23,-26,1036
-16,-26,1030
-20,-28,1034
-19,-25,1037
-19,-25,1036
-16,-25,1029
-20,-24,1028
-18,-27,1034
-23,-24,1033
-25,-23,1034
-23,-24,1032
-18,-24,1032
-19,-26,1032
-20,-22,1034
-17,-25,1031
-20,-24,1031
-22,-28,1034
-21,-23,1030
-21,-24,1036
-17,-24,1032
-16,-21,1030
-20,-26,1030
-21,-24,1037
-23,-25,1031
-19,-24,1030
-22,-26,1037
-19,-22,1036
-23,-26,1031
-23,-24,1035
-21,-28,1033
-25,-26,1036
-21,-27,1035
-18,-20,1038
-24,-26,1029
-21,-25,1032
-23,-28,1031
-22,-24,1032
-22,-28,1035
-21,-28,1036
-20,-25,1032
-22,-26,1028
-23,-25,1030
-20,-24,1029
-17,-25,1032
-20,-23,1028
-21,-23,1032
-18,-25,1039
-22,-28,1030
-20,-26,1034
-22,-24,1036
-20,-26,1032
-23,-24,1033
-18,-26,1032
-21,-25,1035
-21,-24,1031
-16,-27,1032
-21,-25,1030
-19,-26,1030
-22,-28,1035
-25,-30,1038
-24,-26,1038
-20,-22,1032
-21,-26,1033
-21,-22,1033
-23,-26,1037
-21,-27,1028
-16,-23,1035
-24,-25,1032
-20,-26,1029
-21,-25,1030
-21,-29,1041
-20,-28,1037
-23,-24,1036
-15,-24,1035
-21,-23,1031
-23,-20,1033
-19,-22,1035
-19,-27,1034
-18,-24,1030
-18,-26,1037
-21,-30,1035
-17,-25,1033
-16,-27,1028
-20,-24,1035
-20,-27,1029
-21,-25,1032
-20,-26,1030
-21,-28,1036
-18,-23,1032
-21,-23,1035
-17,-27,1029
-23,-26,1031
-22,-22,1032
-21,-24,1033
-25,-25,1031
-18,-26,1028
-23,-19,1031
-20,-27,1032
-17,-28,1034
-22,-27,1031
-18,-26,1031
-23,-23,1033
-21,-22,1036
-22,-24,1038
-20,-25,1035
-18,-23,1034
-21,-26,1032
-16,-24,1031
-18,-29,1033
-19,-26,1028
-20,-25,1030
-20,-28,1035
-19,-28,1030
-20,-26,1029
-17,-26,1030
-22,-25,1037
-17,-24,1033
-21,-24,1037
-22,-22,1037
-21,-27,1037
-21,-29,1029
-17,-27,1035
-15,-22,1028
-19,-24,1033
-20,-21,1034
-21,-23,1039
-18,-23,1034
-20,-22,1031
-21,-21,1036
-23,-19,1031
-19,-25,1035
-20,-25,1030
-20,-26,1029
-19,-28,1031
-22,-24,1029
-19,-26,1032
-19,-25,1035
-19,-25,1031
-14,-23,1041
-19,-23,1035
-21,-22,1032
-21,-26,1030
-21,-27,1035
-19,-21,1036
-22,-25,1034
-22,-29,1032
-21,-21,1033
-22,-25,1034
-23,-23,1040
-20,-23,1032
-22,-26,1030
-17,-23,1033
-23,-24,1032
-21,-25,1036
-22,-22,1031
-19,-30,1035
-21,-23,1038
-20,-25,1031
-21,-24,1032
-19,-26,1033
-21,-25,1040
-16,-29,1035
-22,-25,1032
-19,-27,1041
-21,-26,1033
-22,-25,1030
-18,-29,1032
-18,-22,1038
-20,-26,1035
-18,-22,1032
-18,-29,1038
-21,-25,1032
-20,-28,1030
-20,-25,1036
-22,-23,1032
-22,-22,1031
-20,-24,1029
-21,-27,1032
-20,-25,1029
-20,-29,1030
-22,-25,1030
-16,-20,1029
-18,-24,1030
-21,-30,1035
-20,-22,1032
-22,-27,1031
-20,-26,1027
-21,-24,1034
-23,-27,1031
-21,-27,1035
-20,-27,1032
-19,-26,1035
-20,-28,1033
-23,-25,1037
-24,-26,1040
-20,-26,1028
-20,-23,1037
-18,-23,1035
-20,-24,1032
-21,-27,1028
-20,-20,1037
-21,-21,1037
-17,-30,1039
-20,-23,1030
-17,-26,1034
-21,-24,1034
-21,-28,1037
-23,-27,1029
-25,-28,1038
-18,-29,1028
-16,-29,1035
-24,-26,1032
-23,-26,1029
-20,-25,1035
-16,-24,1035
-21,-27,1033
-20,-26,1037
-20,-27,1037
-17,-25,1041
-20,-30,1033
-24,-22,1029
-22,-24,1031
-20,-23,1030
-24,-20,1032
-21,-27,1031
-19,-27,1029
-24,-27,1033
-23,-23,1031
-21,-27,1026
-20,-22,1033
-19,-27,1034
-21,-29,1033
-23,-26,1032
-18,-22,1032
-21,-28,1029
-20,-24,1034
-14,-25,1031
-18,-23,1029
-20,-26,1032
-19,-28,1040
-20,-30,1031
-17,-21,1035
-18,-24,1035
-19,-23,1036
-21,-23,1029
-17,-23,1029
-16,-22,1031
-21,-24,1034
-20,-24,1038
-15,-29,1037
-19,-23,1028
-17,-28,1031
-19,-28,1028
-20,-27,1036
-20,-27,1035
-23,-26,1031
-21,-28,1032
-15,-23,1031
-21,-26,1031
-22,-23,1034
-21,-25,1034
-17,-27,1032
-18,-27,1031
-22,-30,1033
-20,-22,1032
-22,-25,1032
-18,-27,1037
-24,-26,1036
-21,-26,1029
-20,-23,1035
-19,-22,1034
-22,-26,1032
-21,-25,1027
-11,-25,1040
-22,-25,1036
-19,-25,1034
-21,-27,1031
-22,-29,1032
-19,-26,1031
-25,-27,1037
-21,-26,1033
-25,-24,1033
-21,-25,1029
-21,-23,1036
-22,-26,1035
-21,-26,1032
-21,-29,1037
-18,-27,1035
-17,-24,1038
-18,-25,1036
-21,-26,1030
-20,-28,1035
-24,-26,1040
-22,-27,1032
-19,-28,1029
-20,-25,1032
-20,-25,1036
-19,-24,1031
-17,-22,1037
-21,-22,1037
-22,-23,1032
-20,-28,1030
-22,-26,1029
-21,-25,1030
-22,-22,1032
-19,-25,1037
-21,-33,1028
-20,-24,1031
-19,-29,1030
-17,-21,1038
-21,-23,1029
-18,-24,1029
-19,-26,1032
-22,-21,1033
-18,-21,1033
-23,-24,1032
-20,-27,1030
-18,-22,1034
-18,-24,1032
-22,-24,1032
-20,-29,1036
-21,-25,1033
-20,-26,1033
-21,-26,1035
-21,-30,1034
-18,-23,1033
-22,-24,1028
-21,-22,1035
-21,-28,1035
-22,-30,1033
-22,-25,1041
-19,-25,1023
-22,-23,1035
-15,-24,1034
-20,-20,1033
-23,-25,1034
-22,-26,1029
-21,-22,1035
-22,-26,1030
-19,-21,1040
-24,-26,1028
-21,-25,1037
-19,-26,1034
-21,-29,1037
-23,-25,1032
-22,-25,1038
-21,-24,1036
-17,-30,1041
-21,-21,1032
-21,-24,1036
-16,-27,1035
-15,-30,1031
-19,-23,1033
-20,-21,1029
-20,-22,1035
-22,-19,1030
-23,-29,1034
-20,-28,1034
-21,-22,1036
-22,-27,1031
-18,-21,1033
-22,-25,1033
-15,-28,1031
-21,-27,1033
-20,-26,1035
-21,-22,1033
-18,-19,1030
-18,-27,1029
-22,-27,1042
-21,-20,1032
-21,-23,1040
-19,-22,1037
-17,-23,1034
-21,-25,1033
-24,-29,1035
-21,-25,1038
-22,-28,1030
-19,-22,1027
-21,-27,1031
-15,-22,1031
-20,-26,1034
-23,-21,1030
-19,-26,1037
-22,-27,1031
-20,-25,1031
-21,-23,1032
-18,-21,1036
-22,-29,1029
-16,-24,1031
-20,-24,1034
-20,-26,1032
-16,-20,1031
-19,-29,1035
-19,-25,1030
-18,-27,1032
-23,-18,1027
-19,-23,1033
-21,-24,1035
-18,-28,1032
-15,-24,1042
-22,-26,1030
-21,-25,1031
-17,-28,1039
-18,-25,1034
-22,-24,1033
-21,-24,1037
-24,-23,1038
-21,-29,1030
-16,-29,1032
-19,-21,1029
-20,-28,1037
-19,-28,1032
-21,-25,1034
-23,-22,1034
-20,-28,1038
-23,-26,1035
-17,-29,1037
-21,-21,1040
-21,-25,1037
-22,-24,1031
-24,-22,1033
-16,-25,1033
-22,-25,1034
-21,-26,1036
-22,-23,1032
-17,-22,1034
-20,-22,1036
-20,-31,1032
-20,-22,1032
-22,-22,1034
-23,-28,1032
-22,-25,1035
-19,-25,1037
-18,-24,1035
-22,-25,1035
-23,-27,1034
-22,-25,1037
-20,-24,1031
-20,-24,1030
-18,-23,1031
-25,-28,1029
-23,-22,1034
-16,-28,1034
-21,-23,1036
-19,-23,1030
-20,-27,1032
-21,-26,1032
-18,-26,1035
-19,-23,1035
-19,-25,1028
-18,-26,1034
-20,-19,1037
-21,-27,1032
-23,-27,1036
-21,-24,1035
-23,-23,1032
-20,-25,1037
-17,-26,1035
-20,-27,1034
-23,-22,1031
-22,-25,1031
-22,-29,1032
-20,-24,1029
-20,-30,1031
-20,-30,1029
-23,-26,1034
-19,-24,1029
-23,-25,1032
-21,-24,1032
-23,-27,1035
-20,-24,1033
-20,-21,1031
-21,-25,1032
-22,-19,1034
-23,-29,1035
-19,-21,1031
-22,-29,1033
-17,-24,1034
-24,-21,1035
-22,-23,1028
-19,-23,1039
-20,-20,1035
-20,-24,1029
-19,-25,1035
-21,-22,1033
-19,-25,1039
-22,-24,1038
-17,-23,1035
-17,-18,1029
-17,-24,1033
-21,-26,1035
-22,-26,1034
-19,-27,1033
-20,-25,1034
-21,-23,1040
-23,-29,1031
-19,-27,1032
-19,-24,1029
-18,-28,1039
-20,-23,1035
-20,-24,1034
-22,-22,1031
-20,-30,1030
-20,-26,1033
-23,-27,1035
-22,-26,1029
-21,-22,1038
-25,-29,1032
-22,-25,1031
-19,-23,1028
-19,-20,1036
-19,-29,1032
-18,-26,1026
6,37,1160
-20,-23,1032
-20,-23,1031
-17,-22,1030
-20,-25,1035
-21,-24,1036
-21,-26,1033
-19,-30,1033
-18,-25,1036
-20,-24,1033
-22,-24,1038
-17,-25,1034
-22,-23,1032
-24,-24,1035
-19,-30,1034
-21,-24,1038
-20,-22,1029
-19,-24,1033
-21,-24,1036
-21,-24,1032
-21,-29,1032
-20,-26,1040
-22,-27,1035
-21,-25,1035
-22,-25,1032
-14,-31,1036
-20,-24,1032
-22,-26,1036
-23,-21,1033
-21,-25,1033
-22,-25,1029
-21,-23,1035
-22,-25,1034
-21,-23,1034
-21,-23,1036
-22,-25,1030
-21,-26,1035
-21,-25,1035
-20,-27,1036
-22,-23,1030
-23,-27,1040
-22,-24,1034
-20,-27,1034
-19,-24,1028
-16,-22,1037
-18,-23,1033
-19,-25,1029
-19,-21,1031
-19,-23,1031
-18,-20,1032
-18,-25,1029
-23,-27,1031
-21,-23,1037
-21,-32,1030
-19,-24,1034
-17,-28,1033
-18,-26,1027
-19,-23,1033
-18,-26,1031
-19,-21,1039
-21,-19,1035
-22,-22,1038
-17,-19,1031
-22,-25,1035
-22,-24,1035
-21,-25,1029
-18,-28,1033
-20,-27,1027
-22,-25,1034
-21,-26,1029
-19,-27,1028
-19,-23,1036
-21,-23,1031
-23,-24,1032
-19,-26,1028
-21,-23,1042
-20,-20,1035
-22,-27,1032
-18,-23,1034
-17,-22,1030
-21,-26,1030
-22,-24,1034
-20,-24,1031
-18,-28,1030
-18,-25,1036
-22,-19,1030
-20,-27,1028
-20,-29,1036
-22,-28,1034
-21,-25,1032
-20,-19,1035
-24,-19,1035
-22,-29,1032
-17,-29,1030
-20,-28,1035
-26,-27,1036
-20,-30,1038
-18,-25,1028
-17,-25,1033
-22,-25,1029
-19,-28,1036
-19,-23,1033
-17,-23,1035
-21,-25,1037
-22,-27,1032
-20,-24,1034
-23,-29,1038
-21,-29,1029
-20,-25,1031
-21,-24,1033
-17,-26,1027
-18,-23,1034
-21,-23,1030
-19,-25,1033
-20,-23,1034
-19,-19,1034
-23,-29,1037
-20,-27,1037
-21,-24,1029
-19,-27,1035
-22,-28,1034
-20,-24,1033
-25,-27,1034
-21,-29,1029
-21,-25,1031
-23,-23,1030
-21,-25,1032
-19,-26,1036
-22,-22,1031
-21,-22,1027
-18,-22,1038
-21,-27,1032
-19,-27,1031
-23,-26,1031
-25,-22,1033
-21,-24,1031
-20,-24,1039
-19,-27,1038
-19,-23,1040
-19,-26,1031
-18,-29,1028
-22,-28,1032
-22,-25,1037
-22,-26,1036
-19,-28,1031
-18,-27,1034
-21,-29,1032
-22,-25,1034
-23,-27,1032
-19,-28,1041
-16,-20,1031
-18,-26,1037
-17,-24,1034
-21,-24,1031
-21,-25,1038
-21,-26,1031
-24,-20,1032
-19,-22,1039
-18,-25,1038
-20,-24,1035
-25,-25,1036
-15,-24,1030
-17,-22,1035
-20,-28,1037
-22,-24,1031
-17,-28,1035
-21,-20,1030
-15,-24,1037
-18,-25,1030
-18,-28,1030
-18,-19,1036
-18,-27,1029
-20,-26,1037
-21,-28,1034
-23,-26,1030
-20,-26,1034
-22,-27,1032
-21,-28,1033
-21,-25,1030
-20,-28,1031
-18,-25,1038
-19,-27,1035
-23,-21,1030
-17,-23,1035
-19,-27,1026
-25,-25,1030
-17,-32,1033
-20,-24,1035
-15,-28,1030
-19,-27,1034
-22,-23,1038
-15,-23,1032
-21,-23,1031
-22,-21,1029
-21,-29,1031
-20,-26,1038
-21,-23,1039
-22,-20,1037
-18,-25,1031
-22,-28,1028
-18,-25,1029
-22,-26,1034
-22,-20,1029
-21,-26,1028
-22,-21,1035
-23,-30,1027
-20,-20,1034
-15,-25,1030
-17,-22,1032
-20,-26,1028
-18,-22,1032
-19,-23,1031
-21,-28,1035
-21,-28,1028
-18,-25,1037
-17,-30,1030
-14,-25,1034
-21,-30,1030
-22,-24,1033
-18,-27,1035
-21,-27,1033
-18,-26,1028
-20,-23,1033
-21,-21,1035
-22,-24,1035
-21,-26,1034
-17,-26,1034
-19,-25,1035
-22,-22,1029
-20,-22,1033
-21,-24,1034
-22,-24,1029
-19,-25,1036
-21,-27,1027
-24,-27,1034
-14,-25,1033
-17,-26,1029
-21,-27,1030
-19,-24,1029
-23,-21,1031
-19,-27,1029
-18,-25,1030
-20,-23,1027
-21,-24,1030
-18,-27,1032
-20,-25,1031
-25,-22,1033
-19,-26,1032
-22,-26,1038
-19,-28,1036
-16,-26,1030
-21,-24,1027
-18,-23,1038
-22,-25,1033
-18,-25,1038
-16,-27,1031
-20,-27,1032
-16,-23,1037
-22,-24,1035
-18,-23,1027
-17,-27,1030
-23,-25,1029
-19,-30,1033
-20,-25,1040
-21,-26,1032
-21,-22,1032
-21,-22,1031
-22,-24,1031
-22,-26,1028
-21,-22,1030
-27,-21,1027
-18,-24,1028
-19,-28,1029
-25,-22,1036
-20,-23,1035
-20,-26,1036
-20,-30,1034
-22,-25,1028
-17,-22,1031
-22,-26,1030
-20,-26,1026
-23,-27,1032
-15,-29,1033
-21,-25,1037
-20,-26,1031
-21,-28,1034
-22,-25,1033
-19,-22,1029
-21,-25,1037
-19,-29,1030
-21,-25,1030
-22,-23,1032
-22,-23,1030
-20,-22,1027
-17,-23,1040
-22,-28,1029
-20,-24,1035
-22,-25,1037
-20,-23,1039
-18,-21,1034
-18,-25,1032
-21,-28,1035
-21,-26,1034
-21,-27,1031
-23,-30,1033
-21,-28,1034
-22,-27,1030
-20,-21,1033
-21,-26,1030
-16,-26,1049
-20,-27,1032
-16,-22,1033
-18,-25,1035
-18,-25,1030
-24,-31,1031
-21,-22,1030
-22,-26,1035
-22,-23,1030
-22,-25,1030
-17,-29,1033
-20,-25,1028
-24,-25,1034
-19,-20,1029
-21,-24,1030
-19,-26,1035
-22,-31,1026
-21,-23,1039
-22,-23,1029
-19,-25,1036
-20,-24,1033
-18,-22,1036
-18,-21,1027
-18,-25,1030
-21,-28,1029
-20,-24,1031
-23,-27,1032
-22,-26,1037
-19,-24,1030
-18,-25,1034
-17,-24,1030
-22,-24,1028
-19,-26,1033
-22,-29,1030
-20,-21,1034
-19,-23,1032
-22,-27,1033
-15,-26,1035
-20,-26,1035
-24,-23,1035
-23,-27,1029
-21,-22,1031
-18,-27,1033
-22,-27,1032
-20,-26,1033
-19,-28,1036
-23,-23,1031
-22,-22,1033
-22,-29,1031
-18,-29,1029
-22,-23,1033
-22,-24,1034
-18,-23,1040
-19,-28,1030
-21,-26,1030
-19,-23,1029
-22,-21,1030
-17,-27,1033
-18,-19,1034
-17,-24,1034
-20,-25,1034
-20,-29,1029
-20,-30,1032
-21,-31,1036
-19,-26,1028
-21,-21,1032
-22,-32,1030
-18,-22,1030
-18,-29,1037
-18,-20,1030
-22,-22,1030
-24,-27,1036
-19,-24,1035
-20,-27,1037
-21,-30,1035
-22,-27,1031
-21,-25,1031
-24,-28,1040
-21,-26,1037
-19,-23,1031
-22,-32,1034
-18,-23,1030
-23,-29,1037
-21,-28,1034
-18,-23,1032
-24,-26,1035
-20,-30,1030
-22,-25,1033
-23,-18,1033
-22,-24,1030
-15,-21,1032
-21,-24,1029
-21,-24,1033
-19,-21,1027
-14,-25,1029
-21,-24,1033
-22,-28,1034
-22,-19,1031
-21,-26,1034
-155,305,-850
29,195,-972
25,190,-975
29,195,-973
32,186,-974
29,190,-971
25,188,-974
27,193,-969
32,189,-970
24,195,-966
32,194,-973
26,186,-972
30,188,-971
26,189,-970
27,195,-972
29,188,-972
30,192,-973
23,188,-977
27,191,-971
29,191,-976
28,194,-974
29,192,-972
28,193,-971
27,190,-980
28,189,-972
28,193,-971
27,191,-971
28,191,-975
29,195,-975
27,194,-974
25,193,-977
26,192,-972
24,189,-973
27,192,-968
32,191,-975
20,192,-973
25,188,-976
27,187,-977
28,191,-968
31,192,-971
29,188,-974
28,192,-974
24,194,-973
29,191,-972
30,190,-977
29,192,-976
26,189,-970
28,191,-974
25,193,-971
29,189,-972
31,188,-973
28,193,-972
25,193,-976
27,188,-974
29,197,-967
26,192,-971
30,189,-976
28,193,-969
28,194,-976
28,196,-972
25,187,-972
29,192,-972
25,193,-969
29,190,-976
29,189,-976
28,188,-975
30,190,-977
31,195,-974
27,189,-973
27,187,-972
28,192,-979
25,189,-973
24,192,-975
31,189,-969
28,192,-971
29,188,-970
29,189,-973
29,188,-970
29,192,-971
28,190,-968
29,186,-980
31,187,-971
32,190,-970
23,190,-970
32,192,-975
31,191,-969
22,191,-974
27,194,-977
27,194,-975
24,192,-976
29,193,-969
24,192,-971
24,187,-967
30,191,-967
29,193,-975
25,185,-968
29,191,-970
28,190,-977
27,195,-976
30,192,-969
25,192,-973
26,187,-972
31,191,-970
23,191,-972
28,191,-978
29,193,-968
25,190,-973
29,187,-973
33,193,-970
29,193,-975
27,190,-973
29,195,-974
29,190,-974
29,190,-979
27,192,-972
32,192,-968
26,190,-977
27,197,-968
32,199,-971
31,186,-972
27,192,-968
27,190,-971
28,187,-971
26,193,-975
28,193,-972
26,193,-972
26,191,-970
25,192,-976
26,189,-975
25,191,-973
29,194,-969
30,190,-965
24,191,-974
28,193,-974
24,190,-975
26,192,-977
27,190,-970
27,192,-976
25,192,-972
28,190,-975
24,195,-971
29,191,-973
26,194,-971
22,192,-972
28,190,-976
30,193,-971
25,191,-975
23,191,-968
28,190,-973
28,193,-973
30,196,-974
31,192,-975
27,192,-970
27,189,-967
31,194,-975
26,188,-964
23,187,-977
29,192,-970
27,190,-971
26,190,-974
28,192,-970
72,214,-1045
27,192,-971
28,195,-970
29,194,-975
31,184,-970
32,191,-976
24,193,-975
30,191,-975
30,189,-973
26,193,-969
27,195,-976
28,193,-970
28,193,-970
21,191,-971
28,189,-975
28,193,-972
33,194,-971
32,194,-978
28,191,-972
28,192,-972
32,189,-975
29,191,-967
30,189,-974
33,191,-975
27,190,-971
27,193,-975
30,186,-969
30,190,-974
29,187,-973
25,190,-972
28,194,-974
33,192,-977
26,194,-973
32,188,-977
33,191,-982
30,190,-974
29,193,-975
33,194,-974
25,189,-972
31,189,-971
29,190,-967
30,189,-975
28,190,-972
28,191,-973
29,194,-970
-19,146,-976
28,189,-973
28,194,-969
29,193,-976
27,197,-971
31,190,-975
26,195,-982
29,189,-977
26,195,-971
25,192,-977
27,190,-972
28,193,-967
32,189,-972
26,193,-978
25,190,-976
31,194,-966
33,191,-969
33,190,-972
29,191,-974
30,191,-969
22,192,-970
29,193,-973
29,187,-975
29,190,-968
27,191,-970
27,193,-976
28,196,-971
26,188,-972
30,191,-970
30,190,-971
30,191,-976
29,191,-979
26,192,-980
29,189,-972
27,188,-972
28,192,-972
32,195,-976
26,195,-962
26,191,-973
28,190,-978
31,194,-972
26,190,-976
31,191,-982
23,191,-977
26,190,-971
23,189,-973
23,194,-970
28,186,-971
26,187,-974
30,191,-972
30,197,-974
29,189,-970
28,185,-969
32,191,-971
28,187,-972
32,189,-971
29,193,-975
29,192,-971
26,194,-979
32,190,-978
27,191,-973
28,190,-973
28,193,-972
27,191,-967
26,189,-974
29,191,-975
25,186,-970
31,188,-972
28,195,-976
31,190,-972
25,191,-976
30,193,-978
27,194,-976
27,190,-971
30,187,-973
25,192,-977
33,192,-973
26,192,-976
33,192,-974
28,188,-973
31,187,-973
27,190,-971
22,190,-968
27,188,-972
30,185,-975
28,192,-966
25,194,-971
27,191,-973
27,194,-966
33,188,-974
29,188,-972
31,190,-969
29,193,-970
27,192,-966
28,194,-972
28,195,-973
25,194,-974
30,194,-972
32,192,-971
32,192,-970
30,191,-975
32,192,-968
27,193,-975
28,189,-967
29,190,-969
27,195,-970
27,192,-967
26,193,-976
29,188,-974
29,190,-972
25,193,-976
33,196,-979
33,195,-973
31,193,-966
28,191,-976
28,193,-971
28,193,-971
26,194,-965
29,194,-971
34,194,-970
27,194,-970
26,194,-969
23,194,-968
28,195,-973
27,188,-973
24,196,-974
29,192,-977
27,193,-972
28,188,-974
30,192,-970
21,188,-968
25,191,-976
28,186,-975
26,189,-976
30,190,-975
27,195,-968
29,192,-974
31,190,-973
28,191,-973
28,194,-972
27,192,-975
28,191,-971
23,190,-974
24,193,-968
24,191,-970
28,196,-970
27,194,-972
29,191,-976
27,192,-974
21,194,-969
30,188,-973
28,191,-972
26,193,-972
26,190,-973
29,189,-971
25,194,-972
26,194,-973
23,194,-976
30,184,-972
31,195,-973
29,191,-967
26,188,-973
25,186,-971
33,186,-969
29,194,-973
22,193,-969
24,188,-971
27,188,-976
28,193,-974
28,195,-973
22,196,-971
28,190,-971
30,191,-975
31,188,-971
30,198,-976
27,194,-975
22,188,-975
32,190,-978
27,191,-970
27,192,-973
23,188,-975
29,192,-973
24,192,-973
23,187,-975
25,189,-974
29,188,-972
28,187,-970
24,187,-976
21,189,-973
20,191,-977
23,190,-978
23,191,-977
24,193,-973
21,187,-973
24,188,-974
27,192,-974
25,190,-972
25,190,-977
23,191,-967
20,190,-975
28,191,-971
28,192,-974
31,189,-971
27,192,-972
26,190,-967
23,190,-973
22,190,-970
22,192,-975
20,195,-973
21,193,-978
26,185,-973
24,195,-974
25,189,-976
33,190,-975
22,187,-970
24,192,-975
27,191,-969
28,193,-970
25,190,-975
22,193,-976
24,193,-970
24,190,-975
25,191,-973
20,189,-974
28,191,-974
22,189,-972
25,192,-975
25,194,-971
28,187,-978
25,191,-975
21,189,-969
23,191,-979
25,193,-974
28,189,-969
24,189,-976
24,189,-980
23,190,-973
22,188,-974
22,196,-969
23,191,-974
20,191,-976
26,189,-971
28,191,-978
24,188,-969
18,193,-982
25,190,-970
23,189,-971
24,192,-975
26,190,-970
-1,185,-975
-3,184,-977
-2,180,-975
-4,185,-973
-6,185,-968
-5,180,-974
-5,183,-971
-7,184,-975
-2,180,-973
-5,188,-968
-8,183,-972
-4,180,-974
-1,183,-971
-7,181,-983
-4,180,-977
-5,185,-969
-5,182,-975
-2,182,-973
-4,186,-975
-1,181,-974
-5,178,-976
-5,178,-976
-5,180,-973
-5,184,-974
-3,182,-974
-2,181,-975
-7,179,-971
-3,183,-977
-1,183,-972
-5,183,-975
-6,181,-977
0,186,-972
1,183,-979
-6,186,-971
-4,183,-978
-6,189,-974
-2,183,-979
0,183,-970
-3,181,-974
-3,181,-978
-3,188,-976
-5,182,-973
-616,-67,873
-12,-11,1035
-14,-12,1032
-13,-14,1038
-10,-9,1038
-13,-5,1032
-16,-9,1033
-11,-7,1033
-10,-6,1039
-12,-9,1033
-7,-8,1035
-13,-8,1037
-12,-8,1035
-13,-7,1036
-8,-6,1032
-12,-12,1030
-13,-5,1030
-15,-7,1037
-12,-5,1034
-13,-6,1034
-10,-7,1033
-9,-7,1034
-10,-9,1038
-11,-11,1035
-13,-7,1041
-13,-4,1032
-13,-8,1034
-9,-6,1031
-12,-2,1036
-13,-6,1035
-12,-7,1029
-15,-9,1037
-12,-7,1031
-11,-5,1027
-10,-7,1030
-9,-2,1028
-12,-9,1031
-10,-13,1037
-14,-8,1035
-13,-7,1032
-10,-2,1028
-8,-9,1030
-9,-5,1033
-8,-8,1036
-13,-9,1034
-13,-7,1035
-11,-11,1039
-12,-11,1036
-13,-9,1027
-9,-10,1030
-10,-8,1032
-10,-3,1030
-15,-8,1039
-10,-5,1033
-11,-8,1034
-7,-3,1033
-14,-5,1032
-15,-9,1029
-12,-9,1031
-11,-8,1036
-10,-7,1034
-12,-9,1034
-15,-7,1038
-9,-6,1032
-12,-2,1028
-13,-11,1030
-16,-9,1036
-11,-8,1038
-9,-8,1035
-11,-5,1031
-10,-7,1036
-13,-10,1035
-9,-9,1035
-11,-7,1037
-13,-7,1033
-12,-5,1028
-14,-4,1030
-14,-9,1036
-13,-8,1033
-9,-7,1027
-12,-7,1037
-12,-10,1037
-10,-2,1038
-12,-10,1036
-12,-8,1037
-13,-8,1034
-12,-7,1039
-12,-7,1035
-12,-7,1034
-14,-10,1035
-11,-3,1033
-11,-5,1034
-10,-1,1031
-10,-8,1034
-13,-10,1034
-5,-12,1034
-8,-5,1033
-9,-4,1033
-10,-7,1031
-13,-9,1030
-17,-9,1037
-12,-2,1030
-11,-10,1032
-14,-6,1038
-12,-10,1034
-14,-10,1036
-12,-8,1034
-11,-2,1029
-7,-13,1030
-10,-8,1033
-10,-9,1033
-11,-9,1031
-9,-7,1031
-11,-9,1039
-14,-7,1036
-11,-9,1032
-14,-8,1034
-14,-7,1028
-12,-7,1041
-8,-10,1035
-17,-7,1036
-11,-10,1032
-12,-12,1032
-12,0,1037
-9,-9,1038
-15,-6,1029
-16,-8,1032
-13,-5,1029
-11,-7,1032
-14,-3,1035
-14,-6,1035
-13,-10,1031
-15,-5,1032
-14,-2,1037
-16,-4,1034
-15,-7,1031
-9,-4,1030
-12,-4,1028
-10,-7,1033
-12,-6,1037
-9,-5,1034
-12,-5,1037
-12,-11,1030
-16,-6,1038
-8,-7,1030
-13,-10,1030
-14,-9,1035
-13,-9,1034
-8,-4,1034
-15,-8,1040
-7,-4,1036
-12,-10,1028
-11,-8,1033
-14,-6,1035
-14,-3,1034
-13,-7,1029
-12,-6,1035
-12,-6,1033
-10,-8,1029
-11,-6,1033
-13,-6,1039
-14,-8,1037
-12,-9,1035
-12,-3,1039
-10,-11,1036
-9,-8,1032
-12,-6,1032
-9,-10,1034
-10,-8,1036
-11,-9,1030
-14,-8,1041
-13,-9,1030
-15,-8,1037
-12,-5,1038
-12,-7,1033
-16,-8,1030
-13,-10,1031
-14,-7,1034
-9,1,1031
-15,-10,1032
-12,-10,1034
-13,-6,1029
-7,-10,1034
-7,-11,1033
-11,-4,1033
-12,-10,1032
-11,-8,1033
-11,-10,1033
-11,-4,1030
-15,-10,1031
-6,-8,1039
-9,-8,1031
-12,-7,1031
-11,-11,1033
-8,-7,1040
-13,-9,1032
-12,-4,1037
-10,-7,1035
-13,-8,1033
-10,-3,1032
-15,-14,1029
-10,-7,1031
-15,-3,1038
-12,-4,1039
-7,0,1036
-9,-1,1038
-12,-9,1035
-13,-4,1035
-14,-5,1038
-11,-10,1039
-13,-7,1032
-11,-3,1033
-9,-11,1031
-12,-5,1035
-10,-10,1030
-9,-7,1033
-12,-8,1030
-10,-3,1036
-17,-3,1036
-12,-11,1030
-14,-9,1039
-9,-9,1040
-15,-9,1034
-14,-5,1032
-11,-1,1034
-12,-12,1036
-13,-6,1032
-14,-7,1033
-15,-9,1029
-10,-10,1037
-14,-10,1030
-12,-8,1032
-14,-6,1030
-11,-11,1034
-13,-7,1035
-14,-8,1034
-12,-7,1034
-15,-7,1034
-12,-9,1027
-12,-6,1033
-13,-5,1029
-14,-11,1032
-11,-4,1037
-7,-9,1035
-12,-5,1029
-9,-5,1044
-15,-5,1035
-11,-6,1034
-13,-9,1036
-13,-4,1030
-14,-11,1029
-11,-6,1028
-14,-6,1034
-10,-10,1035
-17,-10,1033
-10,-9,1033
-10,-5,1035
-12,-8,1036
-13,-5,1036
-13,-10,1031
-13,-8,1030
-9,-4,1030
-13,-6,1032
-11,-4,1042
-9,-9,1034
-8,-6,1038
-15,-5,1029
-13,-8,1035
-13,-9,1035
-18,-2,1030
-13,-13,1030
-15,-8,1032
-10,-7,1036
-9,-9,1028
-10,-6,1031
-14,-10,1034
-14,-8,1034
-12,-7,1033
-11,-5,1028
-11,-10,1034
-10,-13,1037
-11,-7,1039
-7,-7,1035
-8,-10,1037
-6,-13,1027
-12,-8,1031
-10,-6,1040
-9,-2,1032
-9,-7,1031
-12,-8,1034
-13,-2,1036
-10,-6,1034
-11,-10,1035
-12,-11,1034
-13,-4,1040
-14,-9,1036
-12,-7,1029
-13,-8,1034
-17,-5,1033
-17,-6,1030
-12,-10,1029
-10,-5,1032
-13,-10,1035
-14,-5,1036
-12,-10,1035
-11,-6,1030
-15,-9,1029
-11,-6,1034
-11,-7,1030
-14,-9,1035
-10,-8,1037
-11,-5,1032
-9,-8,1034
-15,-3,1034
-10,0,1036
-14,-9,1036
-16,-6,1037
-15,-10,1034
-12,-6,1034
-7,-9,1033
-13,-4,1037
-11,-8,1034
-9,-7,1032
-10,-4,1032
-7,-5,1034
-12,-9,1036
-15,-7,1034
-13,-13,1028
-11,-7,1027
-10,-3,1031
-11,-9,1040
-12,-9,1038
-7,-8,1035
-8,-4,1031
-11,-8,1035
-12,-9,1036
-10,-4,1034
-11,-9,1034
-12,-6,1035
-16,-5,1032
-10,-11,1033
-6,-7,1034
-15,-6,1033
-11,-7,1037
-12,-7,1035
-12,-12,1035
-12,-6,1029
-10,-7,1039
-10,-9,1037
-13,-8,1034
-9,-9,1036
-12,-9,1035
-12,-9,1030
-7,-6,1033
-12,-10,1034
-13,-7,1036
-11,-9,1029
-10,-8,1030
-10,-8,1031
-12,-8,1037
-10,-8,1035
-8,-8,1034
-6,-5,1030
-10,-5,1035
-12,-5,1038
-12,-7,1029
-15,-2,1036
-11,-3,1033
-14,-11,1030
-14,-10,1037
-9,-7,1036
-11,-7,1032
-15,-5,1037
-16,-10,1037
-11,-3,1035
-18,-5,1034
-13,-4,1033
-12,-5,1029
-10,-9,1028
-11,-8,1036
-11,-10,1037
-12,-5,1032
-12,-8,1034
-14,-8,1037
-10,-6,1028
-15,-8,1038
-15,-5,1036
-14,-8,1041
-14,-8,1028
-14,-5,1031
-8,-7,1032
-17,-6,1032
-12,-5,1036
-14,-10,1031
-9,-6,1035
-9,-4,1033
-12,-10,1028
-9,-9,1032
-10,-10,1033
-13,-5,1036
-10,-9,1035
-11,-10,1035
-10,-10,1038
-16,-6,1032
-14,-7,1033
-11,-6,1034
-16,-5,1034
-13,-11,1038
-11,-6,1035
-10,-6,1033
-17,-11,1029
-12,-9,1029
-12,-9,1032
-12,-8,1031
-12,-12,1045
-7,-8,1037
-16,-11,1032
-14,-9,1034
-9,-8,1034
-9,-7,1034
-15,-9,1028
-15,-6,1032
-9,-10,1034
-12,-7,1035
-14,-11,1038
-11,-7,1034
-12,-8,1031
-12,-12,1028
-16,-7,1036
-8,-5,1035
-13,-4,1033
-12,-5,1033
-13,-7,1033
-9,-1,1036
-16,-9,1031
-12,-12,1034
-15,-8,1033
-13,-11,1036
-13,-5,1040
-13,-4,1032
-11,-7,1033
-11,-8,1031
-12,-12,1031
-7,-7,1035
-11,-11,1036
-15,-1,1033
-14,-6,1038
-12,-8,1035
-15,-7,1030
-11,-11,1030
-12,-11,1035
-13,-9,1036
-16,-7,1033
-15,-11,1035
-13,-5,1037
-14,-4,1034
-14,-6,1034
-12,-5,1035
-15,-6,1033
-11,-8,1032
-13,-7,1034
-11,-5,1033
-10,-4,1032
-11,-3,1031
-12,-4,1035
-9,-4,1036
-15,-7,1033
-9,-9,1034
-7,-4,1028
-17,-6,1035
-13,-10,1029
-10,-13,1036
-11,-7,1032
-15,-7,1032
-7,-9,1031
-12,-7,1030
-14,-4,1037
-13,-8,1035
-15,-12,1035
-14,-5,1032
-14,-4,1034
-13,-11,1035
-14,-6,1034
-12,-6,1038
-12,-3,1035
-10,-11,1035
-17,-7,1031
-11,-6,1034
-13,-1,1037
-11,-3,1036
-13,-9,1033
-15,-9,1033
-16,-7,1042
-8,-7,1030
-15,-8,1034
-13,-6,1030
-9,-4,1035
-12,-8,1035
-11,-7,1032
-11,-11,1034
-14,-8,1037
-14,-8,1030
-12,-11,1037
-15,-8,1033
-10,-11,1031
-10,-4,1031
-13,-9,1037
-13,-10,1039
-13,-9,1037
-9,-14,1033
-17,-7,1028
-10,-7,1033
-8,-7,1034
-14,-10,1032
-14,-6,1030
-11,-7,1040
-14,-6,1031
-8,-9,1041
-13,-5,1037
-13,-10,1035
-11,-6,1033
-8,-1,1034
-16,-8,1038
-12,-6,1036
-12,-3,1037
-13,-5,1035
-12,-7,1033
-11,-5,1030
-11,-8,1036
-13,-8,1038
-12,-8,1029
-17,-6,1032
-18,-5,1030
-12,-8,1038
-15,-8,1034
-14,-10,1027
-12,-8,1039
-11,-5,1036
-15,-5,1041
-17,-14,1036
-10,-8,1029
-12,-7,1033
-14,-9,1036
-15,-4,1033
-9,-8,1039
-11,-4,1033
-12,-12,1031
-14,-6,1034
-12,-4,1031
-12,-6,1038
-17,-5,1033
-13,-6,1033
-16,-8,1033
-11,-7,1029
-13,-7,1033
-14,-8,1032
-12,-9,1031
-16,-12,1033
-13,-4,1035
-14,-9,1030
-14,-6,1031
-6,-4,1032
-11,-7,1041
-15,-6,1036
-14,-9,1034
-14,-9,1039
-15,-5,1036
-10,-8,1038
-11,-7,1033
-12,-6,1030
-14,-1,1037
-15,-6,1030
-9,-6,1031
-14,-9,1036
-16,-3,1036
-15,-12,1040
-13,-9,1032
-11,-10,1033
-15,-8,1035
-12,-6,1040
-15,-7,1028
-13,-7,1032
-14,-2,1029
-15,-7,1029
-17,-2,1035
-14,-8,1028
-12,-7,1033
-10,-5,1031
-13,-10,1032
-10,-9,1037
-12,-8,1033
-8,-5,1034
-9,-8,1030
-10,-8,1033
-7,-8,1031
-8,-1,1030
-10,-4,1032
-11,-11,1035
-11,-10,1038
-12,-7,1036
-8,-7,1034
-12,-4,1034
-13,-9,1034
-14,-8,1031
-14,-7,1040
-11,-2,1036
-13,-10,1029
-11,-4,1032
-13,-7,1033
-10,-2,1030
-13,-8,1036
-11,0,1034
-12,-7,1037
-11,-11,1037
-13,-6,1036
-8,-6,1035
-11,-6,1036
-12,-5,1038
-13,-8,1033
-16,-8,1032
-11,-6,1031
-8,-8,1038
-11,-8,1034
-14,-5,1031
-13,-5,1036
-10,-9,1037
-11,-8,1034
-14,-8,1030
-13,-5,1034
-12,-6,1029
-15,-8,1034
-15,-8,1037
-9,-13,1031
-9,-5,1037
-10,-7,1030
-12,-9,1034
-15,-8,1031
-11,-3,1039
-11,-5,1031
-9,-7,1029
-10,-6,1037
-10,-8,1032
-14,-9,1039
-14,-8,1035
-13,-5,1036
-12,-6,1031
-12,-7,1034
-7,-6,1032
-11,-6,1032
-13,-9,1030
-12,-6,1037
-12,-12,1033
-9,-8,1035
-11,-9,1037
-13,-7,1032
-13,-6,1030
-13,-13,1036
-18,-6,1038
-13,-7,1035
-11,-10,1032
-12,-8,1028
-11,-12,1033
-10,-9,1041
-11,-7,1035
-13,-10,1038
-17,-4,1037
-16,-9,1029
-14,-2,1040
-8,-7,1027
-7,-7,1035
-14,-6,1036
-9,-10,1031
-9,-6,1033
-9,-11,1034
-11,-8,1035
-15,-7,1034
-16,-12,1034
-14,-4,1030
-11,-14,1032
-8,-5,1035
-13,-6,1034
-11,-4,1038
-11,-7,1039
-12,-10,1033
-14,-9,1029
-12,-7,1031
-8,-7,1033
-14,-6,1032
-16,-6,1034
-11,-4,1037
-8,-6,1034
-11,-5,1035
-11,-7,1029
-16,-8,1035
-12,-11,1040
-11,-9,1034
-9,-8,1031
-16,-9,1032
-10,-8,1030
-15,-6,1037
-7,-8,1037
-13,-4,1037
-8,-9,1038
-17,-5,1030
-14,-7,1030
-13,-9,1030
-14,-5,1029
-10,-8,1036
-16,-8,1034
-11,-7,1035
-10,-10,1032
-9,-7,1032
-15,-6,1039
-10,-4,1031
-15,-5,1029
-10,-5,1035
-11,-10,1028
-13,-6,1033
-14,-8,1032
-12,-7,1027
-14,-8,1029
-8,-9,1031
-14,-8,1033
-12,-7,1032
-13,-6,1037
-11,-10,1039
-6,-9,1038
-11,-10,1033
-10,-10,1034
-14,-8,1030
-16,-6,1034
-17,-9,1034
-16,-9,1032
-17,-9,1029
-12,-7,1035
-10,-4,1034
-14,-10,1037
-12,-7,1033
-11,-11,1032
-10,-8,1029
-13,-6,1034
-14,-14,1035
-6,-7,1032
-10,-7,1031
-10,-2,1034
-7,-8,1032
-11,-12,1039
-15,-6,1030
-12,-9,1036
-13,-7,1035
-13,-8,1031
-13,-9,1029
-15,-6,1032
-13,-2,1036
-11,-11,1033
-10,-7,1031
-11,-7,1035
-14,-4,1031
-11,-5,1031
-12,-7,1033
-12,-1,1038
-12,-8,1031
-12,-7,1033
-11,-5,1031
-13,-9,1030
-14,-10,1035
-12,-5,1032
-13,-6,1032
-13,-8,1032
-12,-6,1037
-11,-10,1033
-12,-7,1028
-16,-7,1038
-7,-8,1036
-13,-9,1034
-12,-7,1035
-8,-8,1039
-13,-3,1033
-13,-7,1036
-14,-8,1036
-14,-5,1036
-8,-3,1033
-14,-3,1033
-12,-3,1030
-12,-5,1039
-12,-5,1041
-13,-6,1035
-13,-12,1033
-12,-6,1031
-12,-6,1036
-11,-7,1031
-15,-1,1035
-14,-11,1029
-13,-10,1031
-11,-7,1031
-10,-7,1035
-13,-8,1031
-16,-4,1032
-10,-4,1030
-11,-5,1031
-12,-2,1034
-11,-7,1031
-18,-8,1033
-11,-9,1033
-9,-6,1032
-13,-7,1035
-9,-3,1036
-9,-8,1030
-10,-7,1033
-11,-6,1032
-15,-8,1040
-7,-12,1033
-12,-9,1031
-14,-8,1034
-9,-5,1034
-13,-5,1035
-9,-3,1034
-12,-7,1031
-6,-7,1035
-10,-5,1029
-11,-6,1036
-14,-4,1033
-14,-6,1029
-10,-5,1033
-17,-6,1037
-12,-11,1037
-18,-9,1035
-15,-2,1037
-12,-9,1035
-11,-10,1032
-12,-10,1036
-11,-8,1036
-15,-2,1031
-10,-9,1035
-9,-11,1029
-9,-5,1035
-10,-10,1034
-15,-9,1028
-12,-6,1028
-12,-8,1033
-10,-3,1036
-15,-10,1034
-11,-8,1034
-11,-6,1029
-8,0,1029
-10,-8,1032
-8,-4,1034
-14,-8,1038
-10,-8,1028
-18,-9,1040
-8,-8,1035
-12,-3,1030
-9,-3,1033
-16,-6,1038
-12,-8,1030
-13,-6,1036
-5,-6,1035
-15,-11,1033
-11,-10,1033
-12,-6,1029
-9,-7,1035
-13,-5,1031
-12,-7,1030
-11,-6,1032
-11,-5,1032
-15,-5,1032
-12,-4,1034
-10,-8,1034
-12,-7,1029
-10,-7,1030
-11,-10,1031
-10,-12,1036
-14,-9,1032
-14,-9,1028
-9,-5,1034
-15,-8,1029
-12,-7,1034
-11,-10,1036
-13,-10,1030
-11,0,1032
-15,-11,1033
-15,-5,1031
-11,-3,1034
-12,-5,1034
-12,-5,1032
-15,-6,1033
-9,-5,1033
-12,-10,1033
-13,-5,1035
-14,-8,1035
-12,-6,1040
-15,-10,1036
-10,-8,1030
-12,-5,1031
-12,-9,1029
-13,-4,1030
-14,-10,1033
-15,-7,1035
-10,-9,1031
-20,-10,1035
-11,-7,1032
-10,-8,1035
-10,-6,1030
-11,-11,1031
-15,-11,1034
-12,-7,1029
-9,-6,1034
-14,-6,1039
-10,-7,1030
-12,-7,1033
-7,-6,1032
-14,-8,1036
-13,-3,1030
-10,-2,1035
-15,-7,1032
-11,-7,1033
-12,-5,1033
-11,-7,1032
-11,-9,1040
-11,-11,1028
-13,-10,1033
-12,-8,1033
-12,-6,1037
-13,-5,1037
-10,-13,1038
-12,-7,1032
-11,-6,1037
-11,-7,1034
-10,-8,1031
-10,-5,1033
-10,-7,1038
-11,-10,1036
-10,-12,1036
-9,-8,1033
-10,-12,1032
-16,-4,1034
-15,-8,1031
-13,-8,1036
-17,-6,1033
-15,-8,1035
-11,-7,1032
-11,-8,1033
-14,-9,1034
-15,-5,1036
-15,-6,1036
-14,-9,1034
-11,-3,1032
-11,-6,1036
-11,-8,1033
-10,-7,1036
-12,-7,1030
-10,-3,1031
-14,-5,1037
-15,-6,1031
-12,-8,1037
-11,-7,1031
-12,-8,1036
-11,-9,1034
-10,-5,1040
-12,-11,1035
-14,-6,1035
-15,-9,1038
-13,-7,1032
-20,-6,1033
-10,-8,1027
-10,-10,1031
-11,-7,1033
-10,-6,1029
-9,-7,1036
-11,-7,1035
-13,-9,1036
-15,-11,1031
-9,-7,1031
-13,-7,1035
-13,-8,1037
-10,-5,1031
-11,-6,1034
-8,-11,1029
-15,-4,1031
-13,-2,1032
-14,-8,1036
-14,-11,1030
-11,-8,1032
-13,-12,1029
-9,-7,1028
-13,-10,1039
-13,-9,1029
-13,-4,1030
-13,-11,1034
-14,-6,1042
-12,-7,1032
-12,-9,1030
-16,-9,1032
-12,-9,1033
-15,-11,1037
-10,-11,1031
-12,-7,1037
-12,-4,1036
-9,-10,1033
-6,-6,1033
-14,-2,1033
-14,-7,1029
-15,-8,1033
-11,-6,1036
-11,-8,1034
-12,-6,1035
-12,-8,1033
-15,-6,1035
-13,-6,1028
-11,-10,1036
-15,-9,1033
-13,-14,1034
-12,-6,1033
-11,-6,1032
-12,-7,1035
-13,-8,1039
-11,-11,1028
-13,-6,1032
-13,-9,1038
-15,-6,1035
-12,-7,1035
-9,-7,1037
-14,-12,1031
-11,-6,1037
-19,-8,1033
-15,-7,1033
-16,-6,1034
-13,-3,1030
-7,-5,1032
-8,-7,1033
-9,-8,1026
-15,-10,1030
-13,-8,1031
-10,-4,1033
-13,-8,1034
-13,-6,1030
-14,-5,1032
-10,-6,1033
-11,-7,1028
-17,-7,1032
-11,-6,1036
-12,-8,1030
-15,-6,1032
-14,-8,1035
-12,-10,1033
-17,-2,1036
-14,-8,1033
-11,-8,1038
-11,-10,1032
-10,-4,1032
-9,-6,1030
-12,-9,1030
-13,-8,1031
-16,-9,1029
-14,-7,1031
-12,-10,1031
-12,-8,1036
-14,-7,1035
-11,-7,1034
-15,-4,1030
-9,-8,1038
-12,-9,1029
-9,-3,1039
-11,-8,1029
-9,-9,1032
-12,-9,1035
-12,-7,1034
-12,-7,1028
-10,-5,1040
-14,-6,1039
-11,-9,1038
-10,-9,1032
-11,-3,1032
-11,-9,1033
-12,-6,1036
-14,-9,1035
-11,-8,1031
-10,-3,1032
-12,-3,1034
-14,-9,1031
-10,-9,1032
-7,-10,1034
-8,-6,1032
-11,-8,1035
-14,-10,1029
-13,-11,1033
-13,-9,1037
-15,-7,1032
-11,-9,1035
-16,-3,1034
-12,-8,1036
-10,-9,1038
-9,-7,1030
-13,-10,1033
-14,-8,1040
-11,-8,1040
-14,-6,1030
-13,-6,1027
-11,-7,1035
-10,-4,1034
-10,-6,1035
-12,-2,1037
-9,-8,1039
-14,-7,1027
-11,-8,1032
-13,-6,1034
-10,-8,1034
-15,-8,1035
-16,-8,1036
-14,-8,1033
-14,-8,1037
-15,-10,1027
-12,-4,1030
-16,-10,1036
-13,-6,1036
-8,-13,1036
-11,-9,1033
-14,-5,1030
-16,-9,1027
-7,-4,1033
-13,-12,1029
-12,-5,1036
-11,-5,1030
-11,-8,1028
-13,-6,1036
-13,-4,1032
-8,-13,1033
-11,-7,1038
-13,-11,1030
-10,-7,1032
-6,-8,1033
-11,-10,1031
-14,-6,1034
-15,-8,1035
-12,-4,1037
-13,-8,1030
-12,-9,1031
-16,-1,1035
-8,-9,1032
-14,-8,1034
-10,-5,1035
-13,-10,1036
-10,-8,1031
-16,-9,1034
-11,-4,1033
-17,-6,1033
-12,-13,1037
-12,-6,1027
-11,-11,1028
-11,-11,1037
-13,-6,1033
-12,-9,1032
-14,-6,1032
-7,-8,1029
-16,-5,1039
-12,-13,1033
-14,-4,1036
-11,-7,1036
-12,-6,1037
-10,-11,1034
-10,-4,1030
-11,-8,1036
-14,-9,1033
-10,-5,1028
-14,-3,1035
-12,-9,1030
-17,-13,1035
-9,-9,1030
-10,-9,1037
-13,-8,1036
-7,-8,1033
-12,-8,1039
-11,-6,1037
-8,-6,1036
-12,-4,1030
-11,-8,1035
-20,-1,1032
-13,-9,1036
-11,-4,1029
-12,-7,1029
-16,-9,1035
-11,-10,1041
-16,-11,1032
-15,-4,1032
-12,-7,1038
-15,-10,1031
-11,-8,1037
-6,-8,1037
-13,-8,1037
-11,-6,1035
-15,-3,1034
-14,-9,1034
-10,-8,1035
-6,-5,1036
-10,-5,1030
-8,-6,1034
-9,-8,1033
-8,-8,1034
-10,-9,1039
-8,-7,1034
-11,-9,1028
-16,-4,1040
-15,-7,1035
-6,-12,1038
-9,-8,1031
-9,-12,1036
-15,-10,1036
-6,-11,1031
-10,-11,1035
-13,-3,1035
-11,-2,1035
-14,-8,1033
-10,-11,1035
-13,-7,1032
-15,-6,1030
-11,-9,1039
-9,-4,1034
-8,-10,1034
-16,-5,1036
-10,-6,1036
-15,-9,1026
-12,-6,1030
-10,-4,1032
-16,-7,1038
-10,-5,1033
-16,-5,1026
-15,-2,1035
-12,-5,1032
-14,-6,1030
-11,-5,1036
-8,-6,1031
-12,-6,1034
-10,-5,1036
-11,-7,1038
-9,-8,1035
-12,-4,1031
-14,-9,1032
-14,-5,1032
-14,-8,1033
-20,-8,1027
-7,-7,1039
-12,0,1034
-16,-7,1038
-15,-4,1030
-12,-10,1029
-10,-12,1032
-12,-6,1037
-11,-11,1032
-13,-13,1031
-12,-4,1038
-9,-9,1036
-15,-8,1037
-15,-6,1031
-7,-8,1037
-9,-9,1028
-15,-11,1031
-11,-8,1039
-9,-12,1034
-16,-9,1038
-12,-8,1038
-12,-7,1036
-14,-10,1028
-13,-2,1034
-12,-5,1034
-15,-4,1031
-13,-11,1036
-11,-4,1029
-14,-5,1033
-12,-8,1029
-13,-5,1030
-13,-9,1032
-11,-6,1034
-9,-7,1036
-11,-12,1035
-12,-5,1028
-9,-11,1034
-12,-9,1031
-12,-8,1036
-17,-10,1030
-8,-8,1039
-12,-8,1033
-8,-10,1038
-12,-7,1032
-16,-8,1036
-16,-8,1032
-13,-8,1031
-10,-4,1032
-14,-3,1034
-12,-3,1036
-9,-8,1035
-13,-5,1029
-15,-7,1030
-12,-7,1032
-15,-6,1030
-16,-8,1034
-10,-8,1039
-16,-9,1039
-10,-4,1035
-13,-9,1034
-14,-10,1033
-10,-6,1032
-13,-8,1036
-15,-10,1033
-16,-9,1034
-11,-6,1033
-13,-11,1035
-10,-7,1038
-14,-7,1030
-13,-9,1033
-11,-11,1034
-12,-12,1030
-11,-11,1030
-11,-8,1035
-12,-14,1032
-13,-5,1036
-12,-15,1030
-11,-9,1030
-9,-8,1032
-13,-8,1034
-13,-9,1036
-8,-6,1037
-7,-10,1032
-10,-6,1031
-16,-8,1035
-11,-5,1033
-12,-10,1039
-13,-6,1031
-14,-11,1032
-9,-8,1030
-7,-10,1036
-14,-3,1035
-7,-5,1033
-10,-6,1038
-15,-10,1034
-11,-8,1033
-11,-10,1036
-12,-11,1035
-9,-7,1039
-13,-9,1039
-10,-4,1035
-9,-8,1028
-12,-5,1034
-12,-7,1030
-12,-7,1036
-8,-8,1035
-12,-10,1036
-15,-10,1034
-11,-12,1030
-14,-2,1037
-9,-4,1035
-18,-8,1037
-7,-10,1037
-12,-9,1031
-11,-6,1035
-11,-4,1033
-14,-11,1034
-12,-4,1039
-12,-5,1037
-12,-5,1035
-12,-10,1030
-12,-4,1036
-9,-8,1040
-14,-6,1036
-11,-7,1031
-13,-7,1033
-13,-8,1037
-11,-13,1035
-12,-2,1032
-14,-4,1032
-10,-9,1031
-11,-6,1035
-14,-9,1032
-15,-11,1031
-15,-8,1032
-11,-11,1040
-13,-8,1037
-10,-7,1035
-9,-7,1028
-11,-6,1031
-12,-7,1038
-14,-11,1030
-10,-8,1034
-14,-8,1037
-12,-8,1033
-14,-7,1035
-15,-8,1037
-13,-6,1034
-12,-5,1035
-12,-7,1030
-12,-11,1032
-11,-10,1032
-11,-9,1034
-13,-8,1034
-11,-9,1035
-11,-9,1034
-10,-7,1036
-14,-9,1035
-10,-8,1037
-16,-7,1035
-12,-9,1033
-10,-8,1036
-8,-8,1033
-13,-10,1031
-9,-8,1032
-11,-5,1040
-12,-7,1032
-15,-10,1039
-12,-7,1036
-15,-10,1030
-14,-9,1028
-13,-9,1035
-16,-8,1029
-7,-10,1030
-12,-10,1031
-13,-6,1027
-14,-6,1029
-10,-3,1031
-11,-9,1031
-10,-6,1037
-13,-6,1039
-14,-10,1034
-15,-7,1032
-15,-7,1036
-16,-5,1036
-12,-3,1039
-10,-5,1036
-15,-11,1034
-13,-7,1029
-11,-11,1034
-11,-10,1040
-11,-10,1036
-14,-7,1036
-15,-5,1033
-14,-9,1031
-13,-5,1030
-10,-12,1033
-10,-9,1034
-16,-8,1030
-8,-7,1027
-11,-10,1034
-8,-9,1035
-6,-8,1033
-13,-8,1035
-11,-3,1031
-7,-11,1035
-12,-8,1030
-12,-12,1036
-11,-8,1033
-9,-7,1032
-10,-5,1035
-10,-9,1035
-9,-6,1033
-15,-7,1029
-12,-2,1036
-10,-7,1038
-7,-9,1034
-11,-5,1033
-15,-7,1033
-16,-8,1033
-11,-5,1030
-9,-5,1031
-15,-10,1029
-9,-5,1036
-14,-6,1036
-12,-6,1030
-11,-11,1033
-14,-6,1034
-11,-9,1033
-14,-7,1031
-11,-6,1036
-13,-4,1031
-9,-5,1031
-13,-2,1031
-12,-4,1030
-14,-3,1036
-13,-2,1034
-7,-6,1035
-16,-6,1038
-11,-6,1033
-14,-5,1030
-14,-8,1037
-17,-7,1031
-9,-10,1037
-11,-13,1038
-11,-5,1032
-14,-10,1032
-12,-9,1034
-13,-10,1034
-15,-8,1035
-10,-10,1030
-12,-7,1039
-10,-4,1032
-10,-4,1034
-10,-8,1032
-16,-7,1030
-14,-10,1039
-13,-5,1031
-15,-9,1032
-14,-11,1036
-17,-8,1034
-8,-9,1035
-15,-6,1035
-17,-10,1035
-15,-3,1036
-13,-6,1038
-12,-5,1030
-13,-11,1037
-12,-8,1039
-12,-9,1041
-11,-3,1036
-8,-7,1035
-12,-5,1032
-13,-7,1039
-13,-8,1035
-10,-11,1032
-12,-4,1035
-11,-7,1038
-11,-9,1033
-15,-5,1028
-12,-5,1035
-11,-10,1035
-12,-9,1031
-15,-5,1030
-13,-10,1033
-10,-6,1038
-9,-4,1031
-14,-3,1029
-11,-9,1034
-8,-5,1037
-12,-9,1036
-14,-8,1032
-9,-8,1039
-9,-6,1029
-10,-10,1032
-11,-5,1028
-12,-12,1038
-10,-10,1030
-14,-7,1031
-13,-6,1034
-10,-9,1037
-12,-10,1030
-13,-6,1031
-12,-6,1032
-13,-6,1034
-12,-6,1041
-8,-6,1034
-9,-12,1040
-15,-9,1029
-13,-9,1035
-10,-6,1038
-11,-7,1035
-13,-1,1034
-13,-5,1037
-10,-5,1040
-13,-8,1031
-13,-7,1037
-11,-8,1031
-13,-11,1032
-15,-4,1036
-11,-4,1033
-10,-6,1031
-11,-4,1027
-10,-7,1033
-13,-9,1029
-9,-8,1030
-10,-3,1028
-12,-7,1034
-9,-5,1034
-15,-9,1029
-10,-8,1032
-12,-7,1033
-13,-10,1038
-15,-7,1038
-10,-7,1031
-16,-10,1036
-12,-8,1031
-12,-7,1030
-14,-11,1036
-13,-3,1034
-11,-8,1030
-9,-7,1040
-14,-9,1032
-13,-12,1034
-11,-8,1032
-14,-6,1029
-8,-11,1029
-14,-9,1035
-11,-8,1036
-10,-9,1035
-13,-11,1037
-12,-14,1033
-10,-7,1033
-11,-5,1038
-10,-7,1031
-14,-11,1029
-14,-5,1033
-13,-7,1035
-9,-7,1031
-9,-5,1035
-16,-7,1032
-12,-6,1033
-15,-5,1034
-13,-7,1033
-14,-8,1034
-10,-8,1030
-9,-10,1033
-11,-2,1042
-14,-5,1033
-11,-8,1035
-14,-9,1033
-10,-4,1035
-18,-8,1036
-12,-8,1031
-10,-9,1033
-15,-3,1034
-12,-8,1036
-13,-7,1032
-10,-7,1034
-10,-7,1035
-15,-1,1033
-8,-7,1039
-10,-2,1028
-12,-8,1031
-9,-12,1033
-11,-12,1032
-16,-6,1032
-16,-8,1029
-11,-6,1036
-12,-7,1034
-11,-7,1039
-12,-13,1037
-10,-10,1030
-12,-6,1032
-10,-14,1033
-10,-5,1035
-9,-7,1035
-9,-6,1032
-11,-11,1035
-8,-6,1038
-10,-3,1030
-11,-6,1034
-12,-8,1030
-13,-7,1033
-15,-4,1037
-12,-10,1032
-13,-7,1032
-8,-5,1035
-9,-7,1034
-13,-5,1035
-8,-10,1032
-12,-12,1040
-12,-7,1028
-14,-7,1037
-13,-8,1029
-11,-11,1037
-14,-10,1037
-13,-9,1032
-13,-8,1029
-11,-5,1036
-13,-8,1039
-11,-5,1029
-9,-7,1032
-15,-5,1031
-12,-7,1032
-12,-12,1038
-9,-4,1030
-11,-10,1042
-14,-4,1028
-11,-5,1034
-14,-11,1035
-16,-12,1037
-11,-4,1038
-14,-9,1034
-10,-5,1030
-13,-11,1040
-15,-7,1032
-14,-5,1031
-13,-5,1028
-11,-11,1029
-10,-7,1030
-12,-7,1030
-9,-5,1034
-13,-7,1040
-12,-5,1036
-11,-7,1036
-15,-5,1029
-11,-13,1035
-12,-4,1032
-8,-4,1033
-12,-7,1034
-14,-7,1035
-14,-8,1035
-10,-7,1033
-13,-9,1029
-14,-6,1030
-11,-8,1038
-13,-8,1034
-14,-10,1030
-13,-6,1031
-12,-6,1030
-17,-4,1032
-7,-6,1030
-10,-8,1035
-12,-8,1032
-11,-7,1033
-11,-9,1032
-14,-7,1037
-13,-9,1030
-7,-7,1035
-12,-6,1033
-14,-7,1039
-16,-2,1034
-14,-9,1035
-12,-11,1033
-8,-5,1030
-12,-5,1035
-12,-6,1034
-15,-12,1034
-10,-7,1027
-17,-10,1039
-14,-8,1036
-9,-6,1033
-11,-2,1039
-10,-8,1032
-13,-8,1032
-13,-3,1039
-12,-3,1038
-15,-6,1037
-13,-10,1033
-13,-6,1033
-12,-10,1032
-14,-10,1036
-14,-6,1033
-13,-8,1038
-7,-7,1042
-12,-6,1033
-15,-9,1032
-15,-6,1034
-12,-10,1034
-13,-10,1035
-12,-6,1032
-11,-8,1036
-12,-11,1038
-11,-5,1035
-11,-12,1033
-13,-10,1028
-7,-5,1032
-16,-7,1032
-8,-11,1028
-8,-8,1033
-10,-7,1031
-16,-9,1031
-11,-6,1035
-12,-11,1029
-9,-7,1034
-8,-7,1033
-13,-11,1032
-11,-6,1034
-15,-5,1028
-15,-10,1029
-12,-9,1033
-9,-6,1038
-15,-4,1032
-8,-10,1034
-13,-10,1032
-15,-7,1032
-13,-10,1030
-5,-10,1030
-15,-6,1034
-15,-7,1032
-11,-9,1035
-15,-7,1025
-10,-7,1036
-13,-6,1036
-10,-8,1036
-11,-9,1035
-14,-13,1030
-11,-10,1031
-15,-9,1040
-13,-8,1031
-12,-8,1036
-9,-8,1036
-12,-2,1039
-10,-9,1033
-15,-6,1032
-8,-2,1032
-11,-8,1040
-12,-6,1036
-10,-6,1031
-14,-9,1030
-17,-9,1032
-10,-10,1030
-14,-10,1040
-9,-7,1036
-8,-9,1037
-9,-6,1036
-11,-8,1034
-13,-9,1035
-8,-4,1036
-13,-6,1034
-14,-10,1031
-10,-8,1029
-12,-10,1033
-12,-7,1032
-12,-13,1033
-15,-6,1031
-9,-10,1035
-14,-6,1034
-10,-3,1032
-11,-11,1037
-9,-10,1031
-11,-6,1036
-13,-1,1034
-11,-6,1031
-11,-7,1033
-14,-9,1034
-11,-9,1032
-15,-6,1034
-11,-6,1033
-11,-5,1032
-12,-9,1036
-16,-4,1033
-10,-12,1042
-14,-11,1030
-12,-7,1031
-13,-11,1035
-12,-4,1034
-9,-7,1033
-13,-11,1035
-11,-6,1038
-13,-10,1040
-11,-7,1030
-14,-10,1028
-10,-9,1031
-14,-10,1036
-11,-6,1038
-11,-5,1033
-11,-11,1032
-14,-6,1034
-15,-11,1031
-7,-6,1030
-13,-8,1036
-14,-8,1029
-12,-5,1037
-11,-7,1033
-20,-3,1030
-11,-8,1035
-14,-6,1029
-14,-10,1032
-12,-4,1029
-17,-9,1027
-11,-7,1036
-13,-8,1036
-10,-3,1030
-9,-5,1041
-16,-9,1034
-11,-7,1038
-7,-10,1030
-8,-8,1038
-11,-9,1033
-17,-9,1036
-12,-9,1039
-12,-7,1035
-14,-8,1029
-4,-6,1034
-11,-10,1032
-16,-6,1034
-11,-3,1030
-11,-11,1030
-14,-1,1038
-8,-9,1037
-10,-3,1044
-3,1,1031
-10,-4,1033
-11,-5,1030
-15,-10,1032
1,-11,1039
-17,-7,1036
-12,-13,1034
-11,-10,1034
-9,-7,1038
-16,-9,1034
-10,-11,1044
-11,-12,1029
-13,-8,1037
-8,-9,1036
-10,-11,1035
-11,-6,1033
-10,-5,1037
-9,-8,1035
-10,-7,1032
-10,-10,1034
-16,-4,1030
-17,-8,1034
-13,-8,1032
-14,-5,1038
-7,-10,1027
-5,-6,1035
-10,-9,1029
-11,-11,1037
-12,-9,1032
-11,-9,1031
-11,-6,1036
-10,-5,1031
-11,-7,1030
-14,-7,1037
-13,-7,1039
-11,-7,1038
-16,-14,1038
-9,-7,1034
-7,-10,1022
-12,-10,1037
-9,-7,1027
-9,-4,1029
-14,-7,1028
-13,-7,1028
-10,-9,1039
-10,-5,1036
-8,-7,1032
-15,-7,1035
-13,-6,1032
-10,-4,1029
-20,-9,1032
-10,-5,1036
-12,-6,1028
-10,-9,1039
-10,-7,1034
-17,-6,1031
-16,-12,1039
-19,-10,1035
-8,-8,1034
-12,-7,1035
-11,-10,1032
-5,-1,1038
-12,-8,1031
-10,-5,1036
-12,-4,1033
-10,-11,1035
-14,-6,1031
-12,-8,1032
-15,-9,1031
-10,-8,1038
-10,-6,1033
-14,-3,1036
-11,-7,1031
-12,-6,1039
-15,-5,1033
-16,-5,1033
-17,-8,1031
-18,-10,1034
-20,-4,1032
-13,-8,1037
-16,-6,1037
-23,-8,1027
-18,-1,1043
-11,-5,1027
-12,-4,1033
-15,-12,1035
-15,-8,1028
-19,-10,1033
-15,-7,1030
-25,-18,1023
-14,-10,1030
-15,1,1035
-12,-2,1033
-15,-8,1034
-11,-5,1030
-18,-6,1030
-17,-5,1029
-15,-7,1033
-12,-4,1039
-15,-11,1027
-18,-11,1030
-14,-10,1036
-17,-6,1035
-17,-8,1033
-16,-6,1028
-13,-8,1038
-15,-9,1038
-14,-9,1032
-13,-9,1034
-13,-5,1033
-15,-5,1031
-15,-2,1038
-16,-7,1030
-12,-6,1030
-21,0,1030
-12,-7,1036
-13,-10,1033
-17,-11,1031
-13,-7,1035
-17,-10,1042
-16,-7,1031
-12,-9,1034
-11,-6,1036
-17,-5,1032
-18,-6,1034
-13,-3,1040
-17,-7,1032
-13,-8,1031
-15,-5,1027
-13,0,1032
-19,-9,1029
-12,-7,1037
-15,-7,1036
-15,-10,1039
-16,-6,1030
-19,-7,1035
-15,-7,1031
-16,-7,1029
-13,-7,1039
-16,-11,1038
-15,-6,1032
-17,-9,1035
-19,-9,1035
-15,-5,1040
-15,-11,1029
-15,-10,1029
-12,-6,1033
-16,-9,1029
-16,-8,1031
-15,-15,1033
-16,-12,1033
-11,-6,1035
-15,-6,1037
-12,-2,1027
-15,-5,1036
-15,-4,1034
-20,4,1026
-13,-7,1032
-9,-6,1033
-15,-10,1038
-14,-5,1036
-18,-5,1039
-14,-7,1030
-18,-8,1036
-14,-4,1029
-15,-11,1033
-20,-6,1032
-17,-9,1037
-14,-10,1033
-18,-4,1029
-11,-7,1033
-17,-11,1036
-12,-6,1034
-14,0,1033
-15,-11,1033
-15,-6,1030
-13,-5,1034
-17,-8,1035
-15,-6,1034
-16,-11,1034
-14,-3,1033
-16,-8,1035
-15,-7,1031
-15,-11,1032
-12,-9,1034
-13,-6,1033
-16,-4,1029
-14,-6,1033
-12,-6,1038
-11,-3,1035
-14,-3,1033
-15,-7,1037
-15,-6,1038
-18,-2,1032
-9,-3,1038
-15,-7,1034
-15,-5,1036
-12,-7,1034
-14,-9,1033
-10,-11,1034
-11,-8,1026
-16,-8,1037
-18,-6,1031
-12,-12,1036
-12,-10,1034
-17,-12,1031
-10,-9,1031
-11,-8,1031
-14,-5,1035
-17,-8,1034
-14,-9,1032
-14,-8,1026
-15,-7,1039
-14,-7,1030
-18,-4,1029
-18,-4,1032
-13,-11,1034
-15,-7,1028
-10,-3,1035
-13,-10,1032
-11,-1,1034
-13,-8,1029
-19,-5,1038
-18,-9,1032
-13,-1,1033
-13,-10,1033
-14,-10,1035
-17,-9,1030
-18,-8,1035
-15,-9,1035
-16,-7,1039
-19,-5,1031
-14,-7,1037
-16,-2,1030
-16,-7,1034
-16,-6,1039
-12,-10,1033
-14,-11,1033
-16,-6,1034
-20,-8,1032
-15,-9,1030
-17,-12,1026
-14,-7,1032
-13,-5,1031
-13,-8,1032
-15,-8,1029
-13,-4,1032
-14,-5,1031
-14,-5,1029
-18,-4,1033
-11,-4,1032
-6,-10,1031
-13,-3,1029
-9,-3,1039
-14,-6,1025
-15,-11,1037
-12,-7,1029
-22,-6,1040
-13,-6,1029
-10,-8,1031
-11,-5,1035
-14,-10,1034
-11,-3,1042
-9,-9,1032
-16,-9,1036
-16,-7,1031
-17,-7,1029
-13,-7,1032
-13,-8,1038
-15,-6,1033
-12,-8,1033
-12,-9,1035
-13,0,1037
-15,-10,1035
-14,-5,1030
-13,-7,1032
-15,-7,1034
-22,-4,1025
-12,-9,1041
-12,-4,1037
-17,-2,1037
-11,-6,1029
-13,-7,1034
-16,-6,1030
-10,-11,1033
-12,-11,1033
-17,-7,1031
-14,-10,1036
-13,-5,1033
-20,-6,1030
-17,-8,1036
-17,-5,1029
-14,-7,1031
-11,-6,1035
-18,-10,1033
-13,-7,1038
-13,-11,1030
-11,-7,1038
-14,-5,1036
-12,-11,1032
-15,-2,1031
-19,-16,1035
-14,-9,1038
-16,-11,1030
-15,-5,1035
-11,-6,1035
-18,-10,1029
-13,-6,1036
-13,-8,1036
-12,-8,1035
-20,-5,1030
-19,-8,1035
-12,-7,1035
-16,-8,1032
-13,3,1030
-17,-3,1040
-12,-11,1034
-13,1,1031
-20,-13,1038
-19,-6,1030
-13,-8,1033
-17,-1,1032
-19,-1,1033
-18,-5,1030
-18,-4,1032
-15,-13,1022
-12,-6,1039
-14,-4,1037
-12,-10,1034
-14,-5,1037
-18,-9,1030
-14,-2,1033
-18,-7,1035
-15,-11,1026
-18,-6,1036
-17,-5,1037
-18,-8,1035
-10,-8,1035
-16,-7,1029
-12,-4,1033
-15,-10,1030
-16,-5,1037
-16,-5,1030
-15,-9,1036
-16,-9,1029
-16,-6,1032
-19,-5,1035
-16,-11,1035
-15,-6,1037
-16,-3,1033
-11,-8,1034
-21,-8,1036
-20,-7,1033
-15,-6,1032
-15,-7,1039
-15,-6,1034
-11,-8,1034
-13,-11,1038
-16,-4,1032
-15,-5,1034
-16,-11,1036
-16,-9,1041
-13,-5,1034
-21,-5,1036
-14,-4,1035
-14,-4,1032
-15,-8,1031
-20,-7,1034
-10,-6,1038
-13,-9,1030
-12,-10,1027
-17,-9,1026
-16,-9,1030
-14,-5,1032
-14,-12,1036
-13,-8,1033
-15,-5,1034
-19,-2,1034
-11,-6,1032
-12,-10,1038
-17,-7,1033
-12,-7,1037
-16,-6,1033
-13,-9,1030
-13,-8,1037
-13,-1,1036
-13,-11,1036
-18,-4,1033
-12,-9,1030
-13,-6,1031
-14,-9,1029
-12,-5,1031
-15,-7,1036
-13,-9,1033
-19,-6,1033
-15,-5,1034
-12,-5,1029
-14,-5,1031
-17,-8,1033
-20,-6,1035
-15,-4,1035
-16,-5,1032
-14,-4,1030
-17,-10,1029
-12,-8,1035
-13,-5,1032
-15,-8,1040
-19,-8,1037
-13,-11,1037
-17,-7,1037
-16,-7,1031
-12,-8,1042
-17,-5,1029
-15,-7,1031
-14,-8,1029
-10,-11,1036
-13,-12,1034
-17,-4,1036
-14,-9,1030
-15,-5,1031
-16,-8,1035
-17,-6,1035
-14,-4,1029
-13,-9,1032
-14,-5,1035
-15,-7,1031
-16,-7,1037
-18,-9,1034
-19,-10,1033
-14,-1,1030
-15,-3,1037
-15,-11,1035
-16,-5,1033
-13,-7,1029
-15,-6,1032
-13,-7,1035
-12,-7,1036
-15,-6,1026
-19,-9,1035
-11,-8,1035
-12,-10,1025
-14,-8,1035
-11,-7,1031
-16,-6,1035
-16,-9,1035
-12,-7,1031
-13,-7,1030
-18,-5,1030
-14,-9,1035
-11,-5,1033
-16,-7,1030
-16,-5,1033
-14,-7,1037
-14,-6,1030
-15,-8,1030
-18,-9,1031
-18,-4,1037
-11,-5,1026
-18,-7,1032
-11,-6,1033
-14,-4,1030
-15,-11,1038
-14,-8,1030
-11,-8,1038
-14,-8,1037
-16,-7,1031
-16,-7,1031
-14,-2,1037
-14,-8,1032
-13,-8,1036
-16,-5,1031
-12,-7,1035
-15,-7,1035
-16,-4,1033
-14,-8,1037
-13,-8,1030
-11,-1,1035
-13,-6,1034
-13,-10,1030
-13,-3,1036
-13,-1,1040
-10,-9,1033
-11,-4,1037
-14,-8,1036
-15,-4,1031
-17,-5,1031
-17,-1,1038
-14,-6,1041
-14,-10,1035
-20,-7,1029
-15,-7,1030
-17,-3,1026
-12,-7,1033
-16,-11,1035
-16,-7,1031
-16,-3,1036
-17,-5,1032
-12,-4,1033
-11,-5,1032
-14,-8,1028
-8,-13,1033
-15,-10,1033
-19,-6,989
-12,-9,1032
-15,-2,1034
-7,-8,1032
-14,-6,1036
-13,-6,1038
-17,-8,1033
-15,-5,1033
-19,-8,1032
-14,-4,1031
-15,-10,1030
-15,0,1034
-13,-9,1032
-19,-7,1034
-19,-8,1030
-15,-7,1031
-16,-9,1030
-8,-8,1032
-15,-7,1031
-18,-9,1033
-6,-7,1024
-18,-5,1029
-10,-5,1035
-18,-7,1034
-13,-4,1030
-19,-4,1032
-16,0,1035
-16,-5,1033
-17,-8,1042
-9,-13,1037
-14,-7,1034
-14,-10,1032
-14,-9,1030
-10,-9,1031
-14,-7,1036
-15,-5,1032
-18,-6,1033
-18,-9,1032
-15,-7,1030
-19,-4,1033
-14,-7,1031
-17,-4,1035
-17,-5,1033
-20,-6,1033
-16,-4,1041
-19,-9,1026
-14,-6,1030
-17,-7,1032
-18,-7,1031
-15,-7,1030
-21,-7,1033
-17,-6,1029
-17,-4,1030
-15,-7,1033
-12,-10,1034
-17,-6,1032
-17,-13,1039
-19,-8,1032
-13,-5,1030
-15,-7,1035
-17,-5,1035
-16,-11,1032
-15,-5,1039
-15,-5,1032
-19,-7,1031
-18,-9,1039
-14,-10,1029
-14,-8,1032
-17,-5,1033
-17,-12,1026
-14,-7,1038
-15,-4,1033
-12,-6,1030
-16,-5,1033
-20,-11,1031
-18,-11,1029
-13,-9,1034
-10,-7,1032
-11,-6,1037
-11,-3,1033
-13,-4,1028
-12,0,1030
-17,-8,1028
-15,-8,1032
-13,-6,1031
-17,-5,1032
-18,-4,1027
-14,-4,1033
-13,-9,1035
-13,-5,1036
-15,-9,1035
-16,-10,1029
-20,-6,1029
-14,-3,1037
-16,-6,1033
-16,-10,1038
-14,-12,1032
-11,-7,1033
-11,-4,1030
-18,-4,1038
-11,-11,1037
-19,-12,1037
-17,-11,1037
-10,-10,1030
-17,-3,1024
-12,-6,1032
-16,-5,1029
-20,-12,1040
-14,-8,1040
-16,-5,1031
-15,-6,1035
-15,-9,1037
-15,-6,1030
-15,-9,1029
-18,-5,1029
-15,-10,1033
-16,-3,1030
-19,-4,1029
-13,-8,1028
-22,-4,1030
-17,-7,1032
-15,-11,1031
-17,-9,1034
-16,-10,1030
-13,-10,1030
-15,-5,1031
-15,-6,1029
-18,-8,1033
-14,-8,1037
-16,-10,1037
-14,-8,1033
-15,-2,1032
-15,-9,1032
-15,-7,1033
-14,-8,1031
-8,-9,1036
-13,-9,1036
-15,-9,1037
-17,-11,1039
-18,-8,1029
-17,-4,1037
-13,-9,1035
-16,-7,1036
-19,-6,1026
-17,-4,1035
-19,-7,1030
-16,-8,1036
-14,-5,1031
-19,-10,1030
-15,-5,1029
-18,-11,1032
-10,-11,1033
-16,-3,1027
-16,-11,1036
-16,-5,1039
-17,-8,1027
-19,-6,1030
-14,-8,1033
-16,-5,1037
-18,-5,1031
-13,-7,1042
-17,-9,1038
-17,-7,1030
-15,-5,1029
-19,-5,1027
-15,-7,1029
-17,-6,1036
-15,-5,1037
-11,-10,1032
-19,-7,1035
-17,-9,1031
-15,-5,1031
-16,-7,1036
-9,-6,1036
-14,-4,1035
-14,-7,1028
-17,-5,1029
-17,-8,1036
-13,-5,1035
-11,-4,1037
-12,-5,1031
-12,-9,1029
-14,-1,1032
-15,-9,1038
-18,-7,1040
-16,-6,1033
-18,-5,1031
-15,-11,1031
-15,-2,1029
-14,-4,1030
-16,-14,1036
-14,-4,1028
-14,-10,1029
-16,-6,1036
-15,-8,1029
-11,-11,1034
-15,-4,1032
-16,-7,1035
-17,-5,1029
-12,-10,1034
-12,-8,1030
-18,-2,1038
-17,-11,1038
-13,-7,1027
-13,-4,1021
-12,-8,1030
-13,-5,1030
-16,-4,1027
-16,-9,1030
-15,-7,1042
-10,-7,1036
-17,-11,1036
-16,-9,1028
-17,-8,1034
-12,-7,1031
-16,-8,1031
-18,-10,1036
-11,-9,1030
-18,-7,1032
-14,-9,1032
-12,-10,1036
-13,-3,1028
-15,-6,1032
-13,-11,1033
-18,-11,1032
-16,-6,1038
-11,-4,1030
-13,0,1033
-14,-6,1030
-8,-4,1033
-15,-8,1039
-18,-5,1035
-16,-9,1035
-9,-4,1037
-14,-7,1032
-15,-9,1037
-16,-10,1030
-18,-11,1038
-18,-6,1031
-14,-5,1028
-13,-8,1031
-18,-6,1029
-18,-11,1030
-11,-12,1036
-16,-5,1036
-16,-5,1034
-13,-2,1029
-15,-2,1030
-19,-9,1037
-21,-9,1036
-15,-10,1038
-14,-6,1030
-15,-5,1035
-13,-3,1037
-20,-8,1035
-21,-7,1032
-13,-10,1026
-17,-8,1030
-18,-9,1030
-17,-6,1035
-12,-7,1036
-12,-8,1032
-14,-3,1033
-15,-11,1041
-13,-4,1036
-17,-7,1030
-14,-6,1036
-20,-7,1035
-11,-12,1031
-16,-10,1033
-10,-10,1032
-17,-8,1034
-13,-10,1031
-16,-8,1033
-18,-4,1030
-12,-6,1032
-15,-8,1037
-16,-3,1038
-11,-9,1036
-14,-10,1036
-15,-8,1030
-15,-5,1029
-12,-6,1040
-12,-8,1040
-14,-8,1032
-15,-5,1039
-20,-7,1029
-16,-7,1033
-14,-10,1030
-12,-6,1034
-13,-3,1031
-12,-6,1033
-11,-11,1039
-16,-4,1030
-14,-10,1035
-17,-8,1031
-12,-10,1028
-18,-7,1030
-15,-11,1032
-17,-10,1029
-14,-5,1030
-14,-3,1033
-14,-8,1037
-14,-3,1032
-15,-10,1026
-14,-7,1033
-15,-7,1030
-15,-8,1035
-18,-4,1027
-10,-8,1030
-16,-10,1038
-19,-11,1032
-15,-4,1030
-11,-3,1035
-14,-10,1034
-15,-6,1030
-18,-6,1035
-14,-9,1036
-18,-5,1039
-13,-6,1036
-19,-3,1030
-14,-6,1032
-15,-5,1035
-16,-6,1037
-12,-7,1033
-15,-8,1029
-13,-10,1034
-15,-9,1029
-14,-6,1034
-16,-7,1039
-15,-2,1033
-14,-5,1036
-18,-7,1034
-16,-7,1032
-17,-1,1030
-17,-4,1033
-14,-3,1032
-13,-6,1039
-19,-5,1036
-17,-5,1030
-14,-11,1038
-15,-3,1034
-17,-9,1032